room;item;amount
0;732;15
0;827;11
0;28;12
0;491;15
0;898;0
0;1054;13
0;450;13
0;530;4
0;358;0
0;1013;0
0;519;13
0;661;4
0;1038;4
0;355;1
0;1111;3
0;545;9
0;672;1
0;938;1
0;146;5
0;783;2
0;578;8
0;1088;3
0;786;2
0;567;7
0;901;10
0;913;7
0;89;15
0;232;2
0;709;15
0;653;0
0;671;6
0;90;9
0;159;3
0;1114;13
0;635;3
0;719;5
0;28;14
0;715;6
0;525;7
0;116;13
0;1048;8
0;259;12
0;697;14
0;1005;7
0;410;9
0;723;2
0;911;15
0;1102;14
0;1031;1
0;721;5
0;877;2
0;91;11
0;753;13
0;521;14
0;1052;9
0;624;1
0;635;0
0;165;14
0;756;15
0;293;7
0;1147;10
0;948;13
0;569;7
0;51;12
0;459;4
0;539;14
0;761;3
0;689;10
0;13;10
0;369;6
0;685;5
0;942;7
0;940;0
0;613;10
0;415;14
0;702;6
0;812;9
0;372;0
0;149;3
0;840;3
0;707;7
0;712;15
0;97;10
0;253;11
0;622;6
0;457;14
0;1064;3
0;881;14
0;106;1
0;170;15
0;750;7
0;1124;2
0;367;15
0;348;6
0;79;2
0;817;1
0;5;9
0;451;7
0;1004;1
0;649;13
0;1026;8
0;644;5
0;1048;7
0;1063;7
0;681;3
0;1014;0
0;990;2
0;597;5
0;81;7
0;1056;12
0;448;1
0;940;15
0;687;2
0;267;1
0;670;0
0;46;15
0;1075;11
0;59;9
0;364;15
0;958;1
0;297;1
0;545;12
0;367;10
0;936;5
0;432;15
0;883;11
0;341;7
0;135;1
0;1023;8
0;114;11
0;399;2
0;1045;14
0;869;1
0;583;8
0;686;11
0;612;10
0;623;2
0;275;2
0;975;7
0;285;2
0;1111;8
0;375;5
0;73;3
0;760;7
0;210;15
0;1077;11
0;883;1
0;20;8
0;263;11
0;867;2
0;982;11
0;419;11
0;513;2
0;204;13
0;912;10
0;1054;7
0;161;3
0;370;8
0;440;1
0;912;14
0;568;6
0;228;5
0;869;6
0;1099;10
0;869;0
0;837;2
0;196;1
0;878;6
0;653;10
0;7;4
0;655;6
0;794;2
0;419;11
0;807;15
0;294;11
0;324;14
0;190;3
0;615;13
0;902;1
0;593;2
0;1060;1
0;172;12
0;19;6
0;15;11
0;844;5
0;189;5
0;985;13
0;875;14
0;657;13
0;297;8
0;619;0
0;686;9
0;705;2
0;365;5
0;18;10
0;425;13
0;99;11
0;854;6
0;589;0
0;424;11
0;232;13
0;575;0
0;483;6
0;67;5
0;571;10
0;154;8
0;592;5
0;1094;9
0;996;13
0;889;15
0;847;6
0;882;6
0;746;2
0;1027;9
0;461;6
0;407;12
0;539;0
0;308;7
0;19;1
0;689;9
0;841;12
0;17;0
0;581;15
0;654;5
0;281;4
0;36;7
0;477;12
0;557;5
0;426;12
0;742;2
0;987;5
0;327;4
0;83;8
0;987;2
0;882;7
0;1135;14
0;48;10
0;112;8
0;1081;12
0;507;5
0;1075;5
0;692;5
0;543;5
0;602;12
0;54;7
0;642;9
0;364;11
0;1131;12
0;204;9
0;873;1
0;379;6
0;797;1
0;729;7
0;713;8
0;1026;5
0;540;6
0;1050;0
0;1002;10
0;173;4
0;419;11
0;158;8
0;77;12
0;780;10
0;647;1
0;115;14
0;492;1
0;68;10
0;205;3
0;27;6
0;258;13
0;316;9
0;1114;2
0;654;11
0;0;14
0;152;8
0;1035;0
0;300;13
0;172;7
0;623;12
0;459;10
0;197;2
0;440;2
0;748;12
0;62;15
0;5;4
0;246;9
0;742;3
0;504;11
0;4;15
0;402;9
0;203;15
0;825;13
0;639;9
0;380;9
0;939;0
0;39;2
0;964;2
0;354;8
0;17;6
0;692;5
0;221;0
0;739;10
0;285;9
0;359;1
0;912;2
0;1114;9
0;266;15
0;353;4
0;1096;7
0;402;11
0;516;8
0;1153;7
0;531;1
0;985;10
0;902;2
0;911;5
0;810;4
0;709;7
0;301;12
0;1139;8
0;44;10
0;1154;4
0;1126;6
0;611;0
0;882;6
0;930;11
0;1075;14
0;1023;14
0;882;15
0;949;3
0;561;10
0;693;12
0;543;3
0;849;7
0;281;11
0;987;14
0;756;5
0;55;8
0;497;5
0;172;12
0;376;2
0;439;1
0;21;1
0;731;9
0;499;7
0;172;9
0;921;2
0;632;6
0;738;3
0;256;7
0;1044;9
0;65;12
0;1079;4
0;807;0
0;55;8
0;546;8
0;1118;5
0;918;1
0;74;4
0;300;11
0;1046;4
0;274;4
0;702;0
0;147;9
0;322;14
0;1023;11
0;411;7
0;894;5
0;548;3
0;1094;12
0;784;13
0;755;9
0;318;1
0;111;1
0;901;5
0;153;13
0;546;8
0;692;11
0;1065;14
0;460;15
0;687;2
0;190;4
0;63;9
0;666;3
0;155;15
0;178;2
0;1023;2
0;25;3
0;1004;7
0;582;4
0;313;5
0;566;0
0;574;12
0;1041;11
0;524;12
0;795;0
0;342;3
0;906;3
0;453;13
0;167;0
0;873;14
0;925;13
0;330;3
0;672;1
0;522;12
0;844;9
0;116;2
0;178;12
0;1051;7
0;192;9
0;594;10
0;735;11
0;339;6
0;915;8
0;412;0
0;469;4
0;1100;9
0;854;13
0;1068;8
0;889;1
0;866;1
0;57;2
0;822;8
0;945;5
0;745;11
0;898;9
0;1018;8
0;851;9
0;315;5
0;746;10
0;1041;11
0;1064;11
0;357;9
0;882;14
0;1082;10
0;987;15
0;1056;13
0;438;3
0;249;3
0;671;4
0;1030;14
0;528;0
0;473;9
0;163;5
0;1129;6
0;524;10
0;431;1
0;954;3
0;126;13
0;381;3
0;837;3
0;881;9
0;643;13
0;88;0
0;375;6
0;1000;12
0;617;7
0;1098;10
0;689;1
0;409;14
0;784;2
0;371;8
0;268;15
0;989;3
0;112;0
0;806;10
0;169;2
0;953;13
0;801;2
0;914;4
0;434;4
0;662;13
0;1002;7
0;123;12
0;551;4
0;130;9
0;766;13
0;339;13
0;263;0
0;144;3
0;859;3
0;789;1
0;739;3
0;538;0
0;1114;13
0;250;13
0;568;0
0;937;7
0;735;9
0;363;2
0;370;10
0;230;13
0;1153;12
0;1033;14
0;270;11
0;447;15
0;828;4
0;453;11
0;445;4
0;1115;4
0;1011;5
0;260;9
0;94;3
0;953;1
0;51;15
0;119;6
0;75;10
0;125;3
0;832;14
0;572;10
0;18;6
0;738;15
0;946;2
0;1074;10
0;1120;5
0;886;6
0;891;15
0;589;15
0;371;4
0;518;3
0;376;14
0;248;3
0;368;7
0;746;5
0;129;14
0;563;14
0;378;10
0;532;12
0;34;3
0;351;4
0;765;1
0;467;13
0;317;13
0;634;1
0;350;12
0;202;10
0;363;6
0;668;3
0;175;9
0;92;13
0;747;0
0;107;8
0;699;5
0;459;11
0;396;13
0;1047;11
0;352;8
0;151;1
0;996;13
0;404;14
0;747;14
0;642;1
0;388;13
0;97;10
0;140;6
0;411;14
0;441;3
0;1017;2
0;315;10
0;946;5
0;782;3
0;634;4
0;650;6
0;225;15
0;600;1
0;270;11
0;797;13
0;570;5
0;955;4
0;886;3
0;261;7
0;92;8
0;776;0
0;552;6
0;1019;4
0;356;15
0;865;4
0;211;2
0;904;15
0;169;11
0;230;4
0;6;15
0;1148;4
0;183;14
0;763;10
0;999;9
0;191;15
0;962;0
0;1041;11
0;850;15
0;1145;5
0;725;5
0;635;9
0;1046;14
0;420;2
0;556;11
0;981;14
0;993;10
0;1027;9
0;117;15
0;889;9
0;1070;10
0;945;5
0;650;13
0;209;2
0;69;4
0;330;1
0;430;2
0;646;0
0;888;5
0;336;3
0;170;5
0;529;14
0;427;14
0;793;7
0;976;5
0;1064;11
0;1038;4
0;389;9
0;423;13
0;7;0
0;570;1
0;505;11
0;44;2
0;947;9
0;877;10
0;117;8
0;292;0
0;845;6
0;341;11
0;318;15
0;456;1
0;107;15
0;1108;9
0;330;2
0;831;1
0;1127;6
0;680;11
0;567;10
0;1047;4
0;1130;5
0;233;4
0;368;14
0;891;10
0;774;12
0;665;2
0;606;6
0;272;14
0;513;2
0;398;14
0;383;10
0;230;3
0;1102;1
0;941;1
0;1021;10
0;12;3
0;881;15
0;294;13
0;426;11
0;851;3
0;590;4
0;1131;6
0;687;15
0;727;15
0;782;14
0;457;2
0;623;7
0;766;10
0;532;13
0;931;5
0;816;13
0;967;13
0;729;0
0;547;7
0;612;1
0;22;14
0;498;8
0;82;7
0;796;6
0;1039;8
0;317;8
0;725;1
0;873;8
0;1111;4
0;606;14
0;899;10
0;583;11
0;71;2
0;342;15
0;542;13
0;73;14
0;233;5
0;158;11
0;781;10
0;1133;13
0;893;12
0;143;5
0;159;11
0;478;9
0;359;12
0;999;1
0;595;11
0;836;6
0;690;14
0;329;9
0;170;6
0;867;8
0;168;11
0;235;3
0;264;6
0;895;13
0;47;14
0;230;3
0;191;12
0;790;11
0;50;3
0;729;5
0;415;6
0;783;6
0;247;14
0;1089;4
0;26;3
0;1120;14
0;637;14
0;41;3
0;506;11
0;996;12
0;518;14
0;229;2
0;603;13
0;512;13
0;908;14
0;945;10
0;52;11
0;861;2
0;575;11
0;601;6
0;483;10
0;681;6
0;401;6
0;747;6
0;1144;1
0;730;12
0;969;13
0;1127;3
0;593;3
0;823;3
0;543;0
0;884;5
0;8;2
0;734;2
0;407;11
0;805;8
0;430;4
0;633;8
0;799;11
0;354;13
0;611;0
0;750;13
0;427;6
0;841;0
0;557;8
0;1042;12
0;355;6
0;841;3
0;653;9
0;409;14
0;699;10
0;1097;2
0;849;13
0;1013;3
0;198;14
0;323;0
0;195;0
0;344;10
0;796;7
0;405;14
0;774;1
0;172;13
0;944;1
0;955;11
0;283;12
0;313;10
0;1107;1
0;376;8
0;188;11
0;877;13
0;224;11
0;59;2
0;11;11
0;136;12
0;25;5
0;670;13
0;182;15
0;301;8
0;580;14
0;238;9
0;973;3
0;1080;14
0;1060;10
0;62;1
0;166;7
0;599;4
0;952;14
0;625;0
0;983;12
0;649;3
0;538;14
0;414;15
0;934;14
0;122;14
0;622;0
0;727;10
0;567;9
0;521;14
0;324;7
0;599;5
0;291;10
0;830;0
0;530;8
0;533;6
0;434;7
0;801;5
0;559;9
0;260;8
0;683;12
0;529;2
0;365;7
0;169;9
0;1092;8
0;757;14
0;17;7
0;238;2
0;771;14
0;287;8
0;889;13
0;698;8
0;1039;8
0;671;2
0;578;11
0;282;13
0;854;11
0;472;10
0;297;13
0;454;14
0;757;4
0;1129;1
0;1017;6
0;490;13
0;194;2
0;379;4
0;973;8
0;945;15
0;238;10
0;990;6
0;463;4
0;197;5
0;1146;7
0;238;12
0;111;12
0;4;6
0;606;6
0;840;6
0;827;6
0;621;10
0;809;8
0;561;14
0;1137;11
0;763;8
0;617;10
0;467;1
0;845;0
0;562;6
0;260;2
0;240;7
0;450;10
0;716;10
0;454;12
0;612;13
0;386;0
0;966;3
0;313;14
0;655;15
0;193;9
0;638;10
0;531;3
0;938;9
0;363;11
0;821;0
0;616;9
0;213;8
0;713;6
0;1089;7
0;1060;15
0;90;4
0;470;11
0;623;10
0;259;2
0;1145;11
0;957;4
1;825;5
1;862;0
1;855;6
1;645;13
1;572;12
1;588;12
1;708;12
1;927;15
1;345;3
1;55;4
1;173;9
1;31;13
1;481;11
1;907;3
1;915;15
1;42;15
1;104;1
1;942;5
1;282;10
1;12;2
1;649;12
1;1139;12
1;480;7
1;1015;14
1;946;6
1;283;4
1;619;1
1;1063;2
1;767;1
1;528;10
1;597;8
1;85;0
1;105;13
1;656;14
1;404;15
1;450;5
1;905;3
1;9;15
1;177;6
1;6;15
1;904;14
1;104;5
1;386;5
1;90;5
1;906;7
1;658;15
1;732;8
1;344;0
1;286;4
1;351;3
1;791;6
1;22;14
1;498;6
1;176;13
1;401;14
1;100;4
1;40;13
1;844;14
1;833;9
1;776;14
1;136;14
1;848;8
1;628;12
1;91;2
1;783;1
1;818;0
1;386;13
1;114;4
1;816;12
1;201;9
1;68;12
1;716;0
1;79;3
1;418;2
1;459;13
1;970;10
1;466;10
1;123;2
1;455;14
1;565;1
1;817;6
1;587;5
1;740;0
1;747;4
1;157;9
1;531;9
1;342;15
1;452;6
1;804;11
1;398;7
1;704;9
1;130;2
1;65;15
1;218;6
1;594;5
1;406;3
1;794;5
1;964;12
1;252;13
1;82;11
1;220;11
1;157;3
1;15;3
1;516;13
1;300;7
1;708;0
1;357;12
1;262;11
1;710;13
1;440;8
1;905;14
1;1052;4
1;379;4
1;1000;10
1;857;11
1;1113;8
1;866;9
1;577;1
1;258;6
1;465;1
1;171;5
1;291;1
1;834;1
1;476;9
1;731;1
1;1023;11
1;245;12
1;157;9
1;595;15
1;343;11
1;644;14
1;570;9
1;32;2
1;521;2
1;1040;12
1;527;5
1;906;8
1;1012;8
1;947;14
1;97;9
1;454;3
1;320;14
1;599;13
1;890;2
1;67;1
1;556;6
1;684;7
1;974;0
1;234;5
1;898;3
1;251;11
1;188;15
1;1120;3
1;53;14
1;73;15
1;930;0
1;552;12
1;1026;0
1;880;3
1;359;13
1;379;7
1;249;10
1;365;10
1;578;9
1;738;2
1;161;14
1;758;13
1;876;3
1;552;15
1;95;5
1;740;4
1;372;11
1;333;4
1;1009;14
1;1061;1
1;158;9
1;941;6
1;849;11
1;730;7
1;644;1
1;864;9
1;1107;2
1;593;4
1;1118;8
1;10;7
1;576;14
1;70;11
1;719;9
1;641;7
1;689;15
1;234;13
1;630;6
1;96;7
1;215;15
1;674;12
1;190;5
1;962;15
1;869;12
1;252;4
1;469;5
1;797;1
1;312;8
1;698;12
1;582;11
1;332;13
1;518;2
1;335;15
1;130;9
1;994;4
1;140;10
1;849;11
1;43;5
1;366;9
1;885;2
1;522;4
1;871;12
1;230;1
1;408;7
1;195;11
1;670;0
1;316;0
1;994;14
1;621;8
1;206;14
1;297;13
1;1005;13
1;727;6
1;191;15
1;855;1
1;160;8
1;439;8
1;18;7
1;872;9
1;575;6
1;912;6
1;1020;9
1;245;4
1;620;10
1;935;3
1;760;5
1;268;2
1;349;12
1;635;1
1;897;10
1;524;11
1;162;12
1;239;11
1;399;7
1;633;10
1;930;12
1;35;4
1;1049;9
1;127;3
1;919;14
1;889;0
1;545;7
1;616;6
1;960;13
1;519;8
1;154;4
1;599;9
1;550;0
1;866;6
1;1005;8
1;766;14
1;936;8
1;219;3
1;363;14
1;801;1
1;867;11
1;968;9
1;547;3
1;142;4
1;47;1
1;1093;13
1;1141;11
1;368;14
1;560;0
1;995;10
1;1042;15
1;480;12
1;389;11
1;751;6
1;196;6
1;515;13
1;1010;5
1;11;14
1;548;14
1;470;14
1;36;9
1;943;0
1;1117;7
1;1016;6
1;1095;1
1;254;2
1;137;2
1;523;0
1;631;9
1;562;0
1;879;8
1;834;7
1;975;7
1;89;9
1;402;2
1;914;9
1;566;4
1;522;13
1;37;0
1;448;6
1;665;0
1;1087;4
1;6;7
1;492;11
1;1012;12
1;903;0
1;928;6
1;717;7
1;344;6
1;705;13
1;98;1
1;19;15
1;928;1
1;671;15
1;402;3
1;453;8
1;170;8
1;1023;15
1;241;12
1;904;9
1;1098;8
1;556;13
1;121;13
1;956;2
1;142;10
1;412;4
1;682;15
1;277;15
1;1017;4
1;660;12
1;160;7
1;124;7
1;610;6
1;1060;9
1;541;1
1;631;14
1;287;9
1;481;0
1;460;13
1;368;10
1;309;7
1;568;5
1;104;10
1;844;9
1;972;2
1;947;7
1;304;5
1;635;2
1;360;12
1;336;15
1;59;9
1;714;13
1;305;12
1;123;10
1;623;6
1;90;9
1;201;9
1;477;6
1;730;13
1;646;15
1;712;8
1;487;4
1;194;2
1;854;10
1;11;0
1;385;11
1;61;12
1;478;1
1;914;14
1;484;2
1;461;11
1;884;15
1;870;12
1;507;11
1;93;10
1;683;11
1;104;3
1;545;5
1;210;12
1;221;15
1;932;0
1;283;12
1;507;9
1;299;5
1;699;6
1;902;7
1;1079;11
1;1066;8
1;1057;8
1;692;0
1;142;1
1;142;12
1;607;3
1;878;1
1;765;5
1;812;2
1;347;9
1;877;13
1;829;5
1;669;12
1;144;3
1;655;14
1;722;14
1;152;13
1;518;14
1;1028;0
1;538;11
1;565;10
1;358;3
1;617;1
1;56;4
1;115;14
1;746;11
1;715;12
1;300;14
1;1031;14
1;445;1
1;39;2
1;840;7
1;1003;3
1;825;3
1;498;0
1;813;10
1;589;7
1;634;10
1;449;14
1;203;4
1;983;0
1;655;6
1;250;14
1;652;2
1;54;4
1;82;4
1;767;5
1;443;14
1;1073;13
1;795;2
1;778;11
1;559;7
1;782;5
1;1051;3
1;233;1
1;834;15
1;696;7
1;301;15
1;767;14
1;401;11
1;58;13
1;6;2
1;841;5
1;423;7
1;260;12
1;213;13
1;153;2
1;401;8
1;289;0
1;153;10
1;39;6
1;954;1
1;363;10
1;300;5
1;468;7
1;1075;6
1;1058;10
1;689;13
1;128;5
1;940;8
1;1142;8
1;690;10
1;871;7
1;816;0
1;421;2
1;88;11
1;245;5
1;236;1
1;147;5
1;244;6
1;465;6
1;751;11
1;1012;7
1;161;7
1;710;1
1;759;5
1;522;4
1;768;13
1;699;11
1;465;12
1;839;3
1;296;7
1;1031;7
1;573;5
1;67;4
1;725;11
1;1058;11
1;691;10
1;704;14
1;1115;5
1;1011;2
1;962;7
1;959;13
1;364;2
1;281;2
1;311;14
1;397;15
1;252;9
1;495;12
1;716;0
1;835;10
1;1111;1
1;1061;7
1;1136;12
1;1066;11
1;1147;12
1;1095;14
1;479;12
1;1026;11
1;616;0
1;484;1
1;812;5
1;267;8
1;339;9
1;273;7
1;101;2
1;919;4
1;655;3
1;527;6
1;93;13
1;1026;1
1;977;10
1;1090;0
1;202;12
1;324;2
1;73;13
1;147;14
1;457;0
1;844;8
1;527;13
1;1065;3
1;175;3
1;521;5
1;950;14
1;244;2
1;923;8
1;675;6
1;596;1
1;802;3
1;498;9
1;598;15
1;759;2
1;235;1
1;992;15
1;218;1
1;1081;11
1;505;5
1;1010;15
1;438;9
1;663;0
1;840;13
1;761;4
1;857;12
1;157;10
1;592;7
1;104;5
1;909;5
1;529;1
1;137;4
1;1134;14
1;268;13
1;376;9
1;162;14
1;473;10
1;725;12
1;1050;8
1;619;12
1;110;6
1;959;14
1;1041;15
1;441;15
1;237;3
1;537;12
1;478;14
1;542;5
1;651;5
1;621;4
1;554;4
1;360;3
1;169;14
1;302;1
1;794;9
1;175;6
1;76;5
1;756;10
1;704;11
1;752;7
1;864;8
1;176;10
1;295;5
1;1046;0
1;862;6
1;1129;13
1;693;3
1;836;15
1;1038;15
1;995;12
1;849;0
1;539;7
1;759;4
1;233;6
1;947;9
1;524;11
1;795;3
1;725;3
1;25;15
1;577;0
1;735;14
1;1097;15
1;1075;0
1;129;4
1;316;14
1;1023;7
1;940;15
1;869;4
1;715;12
1;375;12
1;817;15
1;951;2
1;234;4
1;760;9
1;754;13
1;786;4
1;67;9
1;821;3
1;1131;15
1;497;11
1;979;9
1;614;6
1;963;5
1;980;3
1;152;0
1;319;7
1;416;7
1;544;3
1;1134;8
1;368;14
1;494;13
1;907;9
1;22;12
1;156;3
1;724;1
1;828;5
1;771;3
1;789;4
1;949;3
1;379;2
1;511;15
1;372;0
1;228;4
1;733;5
1;64;5
1;364;4
1;1097;0
1;286;6
1;439;5
1;1142;8
1;439;6
1;620;10
1;1050;4
1;229;1
1;680;13
1;178;10
1;205;9
1;538;3
1;129;8
1;724;10
1;233;4
1;248;6
1;173;10
1;407;1
1;857;1
1;742;10
1;732;13
1;445;9
1;850;7
1;687;10
1;215;8
1;164;2
1;480;0
1;272;1
1;83;1
1;796;4
1;779;10
1;172;5
1;572;12
1;404;9
1;843;2
1;491;8
1;978;4
1;154;7
1;61;1
1;773;1
1;449;5
1;1146;6
1;454;4
1;1068;15
1;896;6
1;219;15
1;302;3
1;571;8
1;937;2
1;135;0
1;776;2
1;579;12
1;447;4
1;246;7
1;620;0
1;1004;10
1;554;11
1;574;6
1;873;12
1;642;9
1;105;1
1;452;6
1;863;6
1;15;8
1;1137;7
1;280;14
1;779;11
1;95;6
1;218;6
1;1039;0
1;262;9
1;692;9
1;319;13
1;279;1
1;496;4
1;477;0
1;181;13
1;81;2
1;243;4
1;625;11
1;823;1
1;588;15
1;1020;13
1;56;4
1;216;15
1;788;14
1;388;14
1;364;13
1;627;13
1;660;10
1;633;14
1;1043;5
1;527;7
1;124;14
1;666;1
1;242;7
1;565;0
1;678;13
1;998;5
1;45;2
1;296;15
1;785;1
1;899;8
1;1057;11
1;792;14
1;473;0
1;773;12
1;436;4
1;644;1
1;774;9
1;138;8
1;802;13
1;178;8
1;649;10
1;425;10
1;202;8
1;909;13
1;1002;15
1;183;15
1;920;6
1;806;4
1;322;5
1;246;14
1;242;15
1;133;8
1;905;7
1;775;7
1;877;14
1;7;4
1;785;4
1;416;8
1;487;10
1;1119;15
1;431;4
1;509;9
1;47;13
1;362;12
1;1146;0
1;1046;7
1;1077;15
1;611;14
1;297;10
1;445;1
1;380;12
1;321;4
1;320;11
1;1017;5
1;652;11
1;377;12
1;369;7
1;313;15
1;688;7
1;796;1
1;911;4
1;41;15
1;703;10
1;1098;5
1;848;5
1;921;1
1;467;9
1;442;6
1;18;9
1;660;9
1;675;9
1;315;5
1;600;14
1;634;8
1;266;0
1;1034;9
1;626;10
1;1103;4
1;57;14
1;365;11
1;709;5
1;1141;14
1;1137;3
1;250;3
1;1;4
1;757;4
1;637;8
1;317;2
1;583;13
1;855;0
1;105;4
1;907;3
1;418;14
1;579;13
1;42;3
1;519;7
1;900;3
1;1080;7
1;347;13
1;892;3
1;833;7
1;142;13
1;984;12
1;760;1
1;1141;8
1;250;8
1;825;0
1;1;8
1;1018;7
1;125;14
1;1135;15
1;917;8
1;867;3
1;993;8
1;1153;2
1;638;9
1;190;15
1;1001;15
1;1067;10
1;556;8
1;696;3
1;147;9
1;176;15
1;1105;13
1;122;5
1;341;13
1;73;10
1;1005;10
1;113;10
1;322;2
1;122;3
1;1130;1
1;89;8
1;423;15
1;268;9
1;531;13
1;118;11
1;935;5
2;594;10
2;137;9
2;322;7
2;981;3
2;1083;10
2;136;5
2;994;15
2;664;14
2;813;5
2;512;2
2;823;2
2;244;3
2;973;13
2;179;5
2;145;8
2;951;13
2;428;13
2;686;4
2;623;0
2;33;9
2;958;3
2;528;6
2;1131;12
2;337;1
2;774;9
2;1076;4
2;1108;7
2;908;13
2;862;5
2;724;7
2;794;7
2;167;2
2;473;4
2;421;10
2;489;12
2;266;7
2;291;9
2;3;6
2;90;15
2;736;10
2;546;8
2;606;12
2;895;3
2;986;13
2;526;9
2;31;1
2;831;9
2;1149;14
2;328;13
2;59;10
2;339;5
2;1066;5
2;133;13
2;306;2
2;670;13
2;1113;7
2;459;14
2;927;14
2;531;15
2;196;7
2;845;15
2;665;8
2;365;7
2;627;13
2;342;10
2;236;1
2;1065;13
2;457;12
2;235;13
2;306;8
2;977;9
2;792;5
2;165;13
2;614;5
2;717;1
2;325;12
2;460;7
2;953;4
2;873;1
2;188;0
2;763;0
2;118;4
2;192;5
2;822;12
2;1140;15
2;1138;12
2;11;14
2;967;2
2;693;4
2;1099;11
2;550;3
2;570;10
2;836;15
2;310;13
2;16;8
2;888;0
2;1094;9
2;397;10
2;340;0
2;475;10
2;672;13
2;322;1
2;1069;12
2;112;10
2;971;3
2;369;7
2;161;12
2;181;15
2;620;5
2;240;15
2;446;1
2;722;3
2;829;0
2;1002;9
2;556;6
2;514;2
2;1038;14
2;544;0
2;260;15
2;1111;2
2;352;14
2;425;1
2;802;8
2;977;5
2;1143;8
2;538;15
2;738;7
2;1069;4
2;289;11
2;29;0
2;152;4
2;752;9
2;737;4
2;148;13
2;218;3
2;1133;12
2;789;0
2;1076;2
2;321;5
2;1012;6
2;552;7
2;871;2
2;1050;8
2;234;9
2;1014;12
2;282;15
2;299;4
2;41;9
2;318;14
2;282;5
2;876;3
2;848;1
2;580;3
2;302;5
2;852;1
2;286;2
2;920;0
2;40;14
2;957;10
2;59;8
2;624;3
2;941;2
2;1101;12
2;443;9
2;1104;7
2;415;9
2;85;10
2;825;12
2;415;12
2;506;4
2;484;14
2;380;9
2;369;8
2;737;11
2;688;0
2;1113;1
2;358;12
2;463;6
2;547;14
2;469;10
2;1125;13
2;247;10
2;499;5
2;1080;1
2;1115;8
2;134;7
2;594;0
2;957;7
2;951;14
2;632;15
2;1141;9
2;339;7
2;691;5
2;781;4
2;946;6
2;631;15
2;889;10
2;1094;0
2;748;3
2;300;5
2;215;10
2;169;15
2;179;10
2;567;15
2;351;4
2;339;14
2;644;8
2;89;10
2;583;12
2;741;6
2;980;1
2;1078;12
2;709;2
2;619;3
2;773;6
2;342;0
2;1029;13
2;464;10
2;729;10
2;1051;7
2;97;9
2;727;11
2;1026;13
2;434;6
2;1092;1
2;1031;9
2;823;11
2;586;10
2;660;3
2;666;8
2;356;4
2;951;4
2;1031;14
2;951;12
2;295;3
2;1024;5
2;1014;13
2;998;15
2;1080;5
2;749;13
2;475;4
2;546;13
2;768;7
2;779;1
2;532;0
2;720;11
2;173;14
2;973;2
2;173;8
2;359;4
2;42;12
2;360;7
2;722;7
2;1035;8
2;1067;7
2;954;3
2;153;6
2;378;5
2;297;4
2;814;15
2;129;5
2;374;15
2;41;0
2;975;5
2;653;6
2;432;14
2;966;7
2;32;9
2;28;6
2;671;4
2;518;14
2;134;13
2;1095;2
2;932;10
2;1049;7
2;547;13
2;196;5
2;1049;4
2;602;8
2;553;14
2;519;4
2;140;6
2;1084;3
2;284;8
2;611;2
2;534;2
2;872;2
2;483;11
2;329;8
2;1086;10
2;1032;4
2;997;9
2;210;0
2;556;13
2;881;10
2;1028;10
2;938;6
2;763;14
2;817;14
2;880;2
2;691;12
2;869;8
2;145;3
2;1112;10
2;604;9
2;423;7
2;1056;1
2;280;8
2;195;10
2;935;6
2;263;13
2;90;9
2;1124;6
2;1024;5
2;1146;2
2;554;1
2;524;15
2;221;1
2;10;9
2;283;8
2;3;10
2;168;10
2;395;10
2;174;4
2;254;4
2;933;3
2;193;4
2;323;3
2;1053;4
2;267;6
2;985;4
2;878;3
2;243;15
2;22;12
2;130;0
2;258;15
2;562;4
2;794;6
2;121;2
2;750;0
2;782;2
2;1091;11
2;199;4
2;749;11
2;732;1
2;635;0
2;105;1
2;1051;7
2;820;9
2;500;10
2;603;11
2;497;10
2;555;14
2;62;14
2;402;4
2;252;0
2;96;5
2;731;11
2;1107;0
2;922;1
2;692;14
2;925;9
2;664;5
2;250;10
2;240;4
2;13;7
2;613;1
2;1069;10
2;979;2
2;37;9
2;399;1
2;655;3
2;439;8
2;57;8
2;686;15
2;38;8
2;632;4
2;493;6
2;808;4
2;425;12
2;586;7
2;861;2
2;995;7
2;870;15
2;83;13
2;945;14
2;87;15
2;1071;3
2;175;12
2;912;1
2;491;5
2;60;2
2;271;1
2;397;9
2;1040;1
2;502;7
2;899;11
2;453;15
2;126;10
2;1095;13
2;508;3
2;825;0
2;567;8
2;762;1
2;190;6
2;1029;14
2;391;8
2;643;7
2;280;11
2;1002;8
2;364;8
2;4;4
2;174;13
2;528;5
2;760;3
2;313;2
2;552;7
2;748;7
2;249;12
2;651;15
2;960;2
2;840;7
2;375;5
2;228;5
2;33;0
2;497;12
2;764;11
2;1124;0
2;617;6
2;1149;12
2;1085;4
2;1024;14
2;926;15
2;884;10
2;756;5
2;623;3
2;462;1
2;26;8
2;406;10
2;701;4
2;705;11
2;985;4
2;773;13
2;867;12
2;906;1
2;637;1
2;751;13
2;15;7
2;1115;8
2;558;8
2;828;9
2;531;12
2;530;8
2;739;3
2;478;2
2;1057;6
2;501;2
2;168;1
2;393;9
2;765;4
2;1048;12
2;266;2
2;945;3
2;259;13
2;386;2
2;826;7
2;678;6
2;609;6
2;252;1
2;701;2
2;921;1
2;694;10
2;1012;9
2;16;1
2;309;3
2;601;10
2;479;1
2;922;13
2;1040;11
2;1134;5
2;748;0
2;1081;1
2;474;8
2;1033;7
2;990;15
2;308;12
2;1100;3
2;1130;4
2;72;0
2;550;4
2;964;4
2;92;9
2;823;3
2;317;12
2;379;13
2;362;5
2;1144;8
2;185;7
2;731;7
2;1152;10
2;354;4
2;954;14
2;364;2
2;120;8
2;833;9
2;402;1
2;1042;5
2;796;2
2;647;2
2;149;10
2;908;0
2;1104;2
2;171;1
2;624;12
2;784;6
2;18;11
2;252;2
2;742;4
2;159;0
2;170;14
2;32;11
2;5;8
2;817;0
2;540;9
2;1104;14
2;896;4
2;1006;5
2;910;4
2;424;6
2;928;4
2;167;4
2;171;4
2;723;10
2;14;5
2;16;6
2;826;2
2;177;3
2;360;4
2;1042;7
2;805;15
2;235;9
2;808;3
2;6;2
2;934;9
2;1050;9
2;352;13
2;638;9
2;196;4
2;725;15
2;561;14
2;513;13
2;781;14
2;905;11
2;874;11
2;593;14
2;755;3
2;645;0
2;287;4
2;805;6
2;133;6
2;316;9
2;211;9
2;588;12
2;476;11
2;821;6
2;695;11
2;705;14
2;791;2
2;645;12
2;350;11
2;426;0
2;879;3
2;1141;6
2;1000;4
2;1014;7
2;873;7
2;685;0
2;924;10
2;771;11
2;708;6
2;945;0
2;60;13
2;339;11
2;871;6
2;693;13
2;207;5
2;923;9
2;487;9
2;840;13
2;480;0
2;1133;0
2;166;2
2;954;1
2;587;10
2;632;0
2;342;12
2;982;1
2;279;0
2;460;8
2;105;10
2;688;2
2;200;11
2;171;3
2;149;2
2;521;9
2;229;3
2;702;4
2;886;3
2;508;0
2;620;6
2;256;10
2;320;5
2;635;5
2;73;1
2;556;3
2;225;6
2;952;15
2;362;2
2;769;6
2;571;2
2;525;2
2;1074;13
2;1112;1
2;775;0
2;499;1
2;494;15
2;735;13
2;325;5
2;20;5
2;519;2
2;785;1
2;598;9
2;58;3
2;1069;13
2;1004;11
2;628;3
2;703;2
2;790;14
2;1122;13
2;278;2
2;133;9
2;1075;8
2;1046;14
2;937;12
2;268;1
2;1086;2
2;479;3
2;1125;15
2;18;7
2;418;9
2;292;12
2;1012;1
2;530;4
2;646;6
2;956;7
2;387;4
2;80;2
2;167;1
2;270;15
2;393;6
2;725;6
2;703;2
2;551;9
2;122;6
2;761;1
2;110;7
2;942;10
2;671;1
2;556;13
2;189;0
2;829;5
2;885;8
2;1021;1
2;194;9
2;600;7
2;397;5
2;957;12
2;972;14
2;160;3
2;369;1
2;549;1
2;1010;12
2;364;0
2;648;15
2;749;3
2;401;11
2;790;14
2;1099;6
2;199;15
2;87;10
2;358;11
2;293;1
2;655;14
2;1153;11
2;29;4
2;456;4
2;356;9
2;629;7
2;494;2
2;185;13
2;1132;8
2;333;13
2;370;3
2;1082;15
2;766;13
2;1000;15
2;95;10
2;480;12
2;922;9
2;661;7
2;327;13
2;884;14
2;681;8
2;846;8
2;1052;13
2;1025;9
2;10;9
2;271;0
2;403;13
2;598;5
2;632;10
2;838;1
2;971;2
2;790;14
2;398;8
2;190;12
2;175;13
2;31;2
2;958;5
2;547;11
2;312;15
2;668;4
2;407;12
2;998;13
2;237;10
2;529;5
2;261;11
2;947;7
2;625;13
2;232;7
2;423;3
2;1087;10
2;1109;12
2;429;11
2;111;4
2;511;7
2;330;4
2;226;11
2;677;5
2;1046;1
2;1022;5
2;349;7
2;284;12
2;469;0
2;1087;1
2;748;2
2;836;4
2;304;5
2;605;8
2;1097;6
2;20;3
2;151;15
2;858;7
2;94;11
2;916;14
2;659;1
2;117;9
2;421;4
2;644;0
2;682;15
2;96;6
2;729;10
2;749;5
2;1036;11
2;450;9
2;676;1
2;502;1
2;423;9
2;1094;6
2;583;10
2;407;14
2;656;2
2;155;1
2;778;10
2;1104;13
2;70;9
2;114;3
2;632;12
2;694;0
2;469;7
2;421;6
2;909;0
2;934;11
2;914;6
2;150;9
2;441;14
2;455;3
2;755;5
2;359;10
2;1071;15
2;1008;2
2;233;15
2;435;0
2;1009;7
2;203;11
2;1042;0
2;156;9
2;224;7
2;753;4
2;555;2
2;358;3
2;624;13
2;161;2
2;440;2
2;638;13
2;1109;9
2;57;12
2;923;11
2;25;15
2;976;9
2;85;2
2;785;13
2;746;8
2;147;12
2;188;12
2;1057;6
2;1057;14
2;78;0
2;435;3
2;637;10
2;191;1
2;64;4
2;711;7
2;296;6
2;327;6
2;426;12
2;86;15
2;210;7
2;357;2
2;287;15
2;365;7
2;15;4
2;67;1
2;1017;10
2;530;11
2;193;7
2;537;7
2;865;2
2;637;6
2;781;6
2;839;2
2;1085;3
2;885;8
2;1135;15
2;1056;13
2;891;7
2;1083;3
2;464;3
2;1061;15
2;46;13
2;209;2
2;743;2
2;893;14
2;614;6
2;16;15
2;110;15
2;232;14
2;714;9
2;999;4
2;458;7
2;1033;13
2;993;9
2;933;14
2;304;0
2;583;8
2;1;2
2;426;4
2;618;0
2;925;6
2;686;6
2;567;10
2;848;6
2;1;8
2;628;14
2;284;12
2;810;13
2;811;11
2;538;15
2;912;4
2;371;13
2;202;0
2;551;6
2;617;9
2;183;12
2;466;13
2;291;3
2;566;8
2;703;8
2;407;4
2;234;6
3;490;7
3;810;8
3;28;5
3;206;1
3;431;14
3;988;14
3;546;3
3;1015;14
3;916;0
3;32;3
3;15;6
3;478;10
3;343;5
3;585;13
3;990;9
3;429;14
3;2;13
3;952;2
3;474;11
3;951;14
3;1099;0
3;978;3
3;352;1
3;278;4
3;1137;8
3;637;6
3;797;5
3;577;7
3;507;15
3;87;1
3;658;1
3;971;8
3;328;1
3;447;7
3;1012;9
3;878;6
3;780;15
3;828;8
3;745;3
3;520;8
3;486;12
3;1078;6
3;562;3
3;557;2
3;543;4
3;307;12
3;985;12
3;102;15
3;503;2
3;414;15
3;189;15
3;162;13
3;860;12
3;981;3
3;20;11
3;275;1
3;613;11
3;97;9
3;192;3
3;687;14
3;896;8
3;919;0
3;115;5
3;1096;13
3;998;15
3;1121;2
3;855;4
3;1089;10
3;1088;0
3;773;5
3;1135;7
3;93;7
3;246;12
3;48;12
3;962;7
3;1124;14
3;24;15
3;204;1
3;328;1
3;919;15
3;398;7
3;363;0
3;226;4
3;36;11
3;247;5
3;1105;12
3;387;15
3;707;7
3;551;13
3;329;10
3;601;2
3;557;4
3;989;1
3;365;11
3;328;10
3;550;5
3;1108;0
3;470;4
3;419;11
3;645;10
3;90;7
3;50;8
3;781;12
3;13;1
3;1025;12
3;630;11
3;466;2
3;884;0
3;834;7
3;522;10
3;264;11
3;953;3
3;892;2
3;122;14
3;974;6
3;499;12
3;938;1
3;672;12
3;392;3
3;963;8
3;569;3
3;663;2
3;187;4
3;818;9
3;1071;7
3;240;4
3;612;9
3;189;15
3;1080;12
3;948;2
3;254;8
3;272;15
3;803;3
3;533;9
3;1099;0
3;144;6
3;757;4
3;1052;3
3;295;4
3;319;0
3;43;0
3;113;4
3;612;12
3;452;9
3;12;8
3;615;5
3;20;11
3;100;3
3;619;3
3;792;3
3;254;12
3;841;14
3;794;8
3;850;4
3;372;14
3;1033;1
3;885;4
3;472;1
3;1062;10
3;993;3
3;767;4
3;958;8
3;169;5
3;391;9
3;979;15
3;291;13
3;584;12
3;712;6
3;83;9
3;948;0
3;44;2
3;727;3
3;1085;12
3;120;13
3;512;4
3;1072;3
3;190;1
3;1005;0
3;668;5
3;581;3
3;1041;9
3;964;3
3;1040;1
3;438;15
3;789;15
3;657;12
3;254;4
3;756;15
3;0;14
3;48;5
3;1092;2
3;1036;13
3;823;13
3;169;7
3;867;4
3;727;12
3;213;1
3;680;8
3;694;9
3;384;13
3;21;7
3;832;8
3;222;11
3;1009;15
3;587;13
3;318;2
3;701;14
3;876;11
3;550;11
3;739;10
3;591;6
3;74;7
3;519;6
3;536;6
3;472;4
3;402;9
3;784;4
3;973;9
3;199;5
3;828;14
3;288;15
3;397;10
3;1149;6
3;732;4
3;513;6
3;256;10
3;198;11
3;416;9
3;858;5
3;88;1
3;169;10
3;155;0
3;247;15
3;730;4
3;1112;14
3;997;8
3;842;8
3;580;9
3;742;14
3;201;2
3;692;14
3;894;6
3;764;1
3;485;15
3;975;2
3;368;5
3;1015;2
3;357;7
3;684;5
3;1055;4
3;474;14
3;676;13
3;466;5
3;1078;10
3;306;10
3;1097;15
3;208;13
3;1020;5
3;55;0
3;937;7
3;27;9
3;19;9
3;102;7
3;376;12
3;45;12
3;261;13
3;593;13
3;998;9
3;868;2
3;1093;9
3;688;8
3;904;4
3;341;5
3;659;5
3;667;13
3;439;3
3;1135;10
3;439;1
3;910;6
3;300;11
3;308;6
3;551;4
3;488;15
3;58;10
3;718;15
3;209;11
3;356;15
3;876;15
3;18;15
3;280;12
3;592;4
3;153;5
3;334;4
3;1118;6
3;872;7
3;516;4
3;961;4
3;1056;15
3;564;6
3;119;14
3;548;5
3;106;11
3;284;1
3;838;13
3;276;10
3;232;6
3;909;1
3;223;14
3;766;4
3;355;9
3;1069;13
3;0;2
3;339;12
3;1105;7
3;1009;0
3;1068;13
3;19;4
3;86;15
3;105;5
3;831;8
3;907;10
3;1069;14
3;253;8
3;519;11
3;803;4
3;385;8
3;160;10
3;387;0
3;1115;4
3;174;2
3;667;9
3;354;4
3;0;7
3;692;15
3;294;15
3;205;10
3;823;9
3;280;6
3;630;0
3;204;7
3;685;2
3;775;11
3;188;13
3;283;1
3;849;6
3;475;15
3;226;3
3;181;14
3;1104;0
3;980;8
3;730;7
3;621;9
3;518;6
3;579;4
3;167;14
3;753;9
3;115;3
3;1135;7
3;451;4
3;396;14
3;143;9
3;336;9
3;1139;14
3;236;9
3;378;7
3;851;5
3;632;15
3;1137;10
3;685;8
3;394;7
3;1019;7
3;884;13
3;188;8
3;1137;11
3;1023;8
3;327;2
3;694;1
3;516;14
3;238;2
3;239;2
3;817;0
3;764;8
3;1002;4
3;597;15
3;1131;10
3;226;15
3;530;0
3;254;3
3;1025;1
3;389;7
3;974;3
3;1129;14
3;446;13
3;200;2
3;1145;2
3;943;12
3;661;3
3;894;9
3;589;3
3;117;9
3;158;4
3;520;6
3;359;14
3;194;4
3;1125;10
3;475;14
3;16;9
3;543;13
3;93;11
3;1091;15
3;980;15
3;1060;15
3;482;5
3;1046;10
3;400;15
3;699;8
3;12;7
3;133;1
3;1122;14
3;286;6
3;1093;14
3;1133;14
3;748;15
3;277;0
3;405;0
3;450;13
3;811;6
3;36;10
3;660;3
3;126;10
3;1025;10
3;871;3
3;38;12
3;764;13
3;691;1
3;1127;0
3;1080;6
3;1125;5
3;1110;1
3;1049;4
3;259;15
3;516;14
3;1130;13
3;755;11
3;629;2
3;805;9
3;999;9
3;634;8
3;431;0
3;764;8
3;362;10
3;953;14
3;683;14
3;597;4
3;758;9
3;667;0
3;790;6
3;448;1
3;1024;14
3;185;13
3;977;15
3;318;12
3;444;8
3;1041;2
3;465;3
3;1017;12
3;92;4
3;674;9
3;934;1
3;1135;12
3;350;4
3;49;0
3;139;4
3;916;13
3;999;6
3;260;9
3;303;10
3;423;9
3;117;10
3;637;7
3;373;6
3;564;7
3;589;9
3;157;13
3;91;15
3;727;11
3;448;15
3;104;13
3;548;6
3;680;14
3;1035;14
3;24;9
3;944;6
3;890;2
3;76;13
3;289;10
3;339;0
3;963;2
3;374;13
3;345;3
3;545;3
3;268;11
3;40;8
3;101;3
3;667;6
3;493;6
3;1084;15
3;510;13
3;333;11
3;913;2
3;281;7
3;824;12
3;1013;2
3;561;11
3;676;0
3;459;10
3;898;11
3;633;7
3;537;13
3;719;15
3;486;5
3;381;12
3;1071;2
3;981;13
3;872;1
3;915;8
3;807;15
3;593;3
3;950;14
3;155;9
3;856;2
3;90;6
3;147;3
3;161;4
3;667;15
3;29;13
3;815;6
3;512;3
3;1136;4
3;294;15
3;616;15
3;1113;15
3;337;9
3;387;0
3;387;11
3;1025;3
3;436;9
3;190;0
3;195;4
3;793;3
3;823;7
3;201;5
3;64;8
3;377;5
3;772;4
3;302;8
3;159;2
3;889;15
3;889;12
3;101;10
3;542;0
3;303;15
3;152;4
3;1015;13
3;64;8
3;654;4
3;634;9
3;598;15
3;957;9
3;106;14
3;276;6
3;1036;14
3;525;10
3;480;14
3;53;4
3;784;0
3;135;15
3;200;3
3;937;0
3;751;6
3;622;9
3;129;3
3;683;15
3;345;4
3;999;2
3;809;3
3;854;7
3;440;14
3;567;15
3;901;14
3;707;10
3;252;1
3;1002;1
3;978;4
3;561;7
3;145;7
3;147;9
3;514;8
3;587;13
3;397;7
3;53;6
3;1048;15
3;12;0
3;707;4
3;187;13
3;806;12
3;996;1
3;223;7
3;135;8
3;397;12
3;581;5
3;742;6
3;657;8
3;699;3
3;814;5
3;577;2
3;452;0
3;219;7
3;702;13
3;377;13
3;606;10
3;673;14
3;1106;0
3;613;5
3;305;7
3;967;3
3;574;9
3;881;9
3;627;15
3;298;11
3;93;9
3;1052;9
3;159;5
3;636;3
3;712;4
3;325;7
3;416;10
3;457;13
3;1066;9
3;699;4
3;767;11
3;957;8
3;978;1
3;493;14
3;263;7
3;982;5
3;1047;6
3;313;0
3;897;1
3;569;13
3;451;8
3;594;7
3;868;10
3;368;10
3;1129;6
3;43;7
3;452;9
3;310;1
3;93;10
3;941;15
3;271;1
3;799;14
3;347;12
3;314;3
3;161;9
3;339;9
3;100;15
3;1142;0
3;998;15
3;122;8
3;655;1
3;868;13
3;129;8
3;544;4
3;341;12
3;973;1
3;543;1
3;173;9
3;510;8
3;329;6
3;1094;0
3;1127;2
3;987;4
3;34;1
3;971;11
3;606;8
3;143;13
3;885;4
3;40;14
3;578;9
3;284;6
3;270;6
3;1132;7
3;945;9
3;1063;3
3;1126;10
3;129;5
3;420;15
3;859;1
3;1103;2
3;48;2
3;238;13
3;763;9
3;1136;0
3;1150;11
3;1056;4
3;551;10
3;240;6
3;7;1
3;542;8
3;396;7
3;410;12
3;921;0
3;935;10
3;1014;15
3;223;13
3;704;7
3;390;6
3;61;5
3;1132;5
3;117;7
3;642;10
3;873;2
3;1151;8
3;421;7
3;801;13
3;310;6
3;1068;10
3;803;12
3;466;14
3;372;8
3;161;6
3;400;15
3;328;4
3;369;0
3;23;15
3;365;1
3;202;12
3;478;0
3;1016;0
3;844;0
3;978;6
3;234;11
3;1060;0
3;1145;3
3;282;0
3;149;5
3;234;13
3;400;2
3;688;12
3;370;6
3;814;2
3;20;9
3;807;6
3;782;13
3;998;6
3;936;9
3;339;5
3;971;0
3;61;2
3;449;6
3;314;12
3;654;7
3;1038;11
3;427;15
3;896;11
3;416;8
3;300;5
3;121;3
3;548;15
3;107;4
3;882;12
3;249;3
3;815;12
3;1076;11
3;695;11
3;178;14
3;699;2
3;603;4
3;374;5
3;15;12
3;1023;14
3;946;15
3;601;3
3;61;13
3;473;12
3;972;14
3;342;1
3;523;4
3;228;4
3;330;14
3;1084;3
3;478;3
3;637;5
3;84;14
3;539;0
3;6;1
3;355;3
3;571;4
3;0;7
3;600;7
3;591;6
3;301;1
3;1039;7
3;143;0
3;138;1
3;688;0
3;384;14
3;1017;11
3;607;4
3;1046;14
3;1071;6
3;296;4
3;44;0
3;552;3
3;259;0
3;830;1
3;627;13
3;865;8
3;309;0
3;256;4
3;684;7
3;423;9
3;943;7
3;616;7
3;805;12
3;865;3
3;659;6
3;769;4
3;1111;2
3;1081;6
3;278;5
3;1048;8
3;522;4
3;636;7
3;855;15
3;690;2
3;776;9
3;665;14
3;64;6
3;391;0
3;365;3
3;692;14
3;756;4
3;441;3
3;1110;11
3;702;6
3;156;0
3;664;3
3;1019;7
3;212;10
3;117;14
3;386;5
3;599;11
3;591;13
3;513;3
3;101;12
3;351;4
3;360;3
3;301;0
3;1121;0
3;104;5
3;114;4
3;834;9
3;71;2
3;366;6
3;353;4
3;1114;0
3;0;15
3;716;2
3;47;4
3;189;7
3;258;1
3;635;0
3;427;11
3;525;3
3;1063;15
3;691;11
3;358;8
3;475;0
3;504;9
3;957;10
3;861;1
3;922;1
3;422;14
3;977;4
3;403;12
3;414;10
3;1064;1
3;914;15
3;97;4
3;683;11
3;247;3
3;738;2
3;602;10
3;1039;10
3;921;9
3;364;9
3;69;8
3;424;12
4;571;5
4;731;11
4;395;2
4;1075;5
4;1154;4
4;870;2
4;190;13
4;177;12
4;441;2
4;166;14
4;996;9
4;41;1
4;279;14
4;184;8
4;991;8
4;74;9
4;125;2
4;732;5
4;203;13
4;87;10
4;580;11
4;758;14
4;865;10
4;358;2
4;840;2
4;92;12
4;517;4
4;83;7
4;1125;6
4;878;4
4;140;14
4;900;9
4;358;1
4;527;6
4;871;1
4;21;9
4;378;14
4;908;1
4;823;14
4;965;15
4;1010;15
4;411;14
4;1105;2
4;156;9
4;789;0
4;348;5
4;793;7
4;938;6
4;413;12
4;937;5
4;409;12
4;467;5
4;246;8
4;198;2
4;615;3
4;59;14
4;1034;0
4;1019;5
4;1077;15
4;637;6
4;1031;1
4;300;10
4;813;9
4;874;3
4;534;7
4;443;0
4;842;10
4;353;14
4;492;13
4;360;9
4;149;5
4;1053;0
4;901;11
4;465;7
4;609;8
4;355;3
4;305;15
4;92;4
4;437;0
4;1150;6
4;756;2
4;991;15
4;318;12
4;800;14
4;1119;12
4;1070;9
4;648;11
4;922;9
4;757;8
4;137;0
4;284;10
4;906;11
4;173;12
4;840;7
4;117;5
4;272;12
4;1097;12
4;10;11
4;1128;5
4;579;8
4;450;13
4;522;3
4;862;2
4;941;4
4;563;14
4;1064;2
4;564;12
4;1082;8
4;640;5
4;218;14
4;477;1
4;838;13
4;149;10
4;289;7
4;913;6
4;916;8
4;383;0
4;161;1
4;397;2
4;379;13
4;357;2
4;255;4
4;60;11
4;72;14
4;397;8
4;831;8
4;94;5
4;677;14
4;971;1
4;616;8
4;1066;12
4;166;5
4;420;0
4;523;9
4;244;12
4;806;7
4;311;4
4;80;9
4;427;7
4;1020;5
4;409;6
4;979;2
4;1103;12
4;31;4
4;16;7
4;259;12
4;873;12
4;500;1
4;55;3
4;431;11
4;698;5
4;141;6
4;88;3
4;696;3
4;946;14
4;479;8
4;144;15
4;374;3
4;479;2
4;805;0
4;697;4
4;160;5
4;800;8
4;607;13
4;1110;14
4;212;14
4;35;7
4;286;9
4;100;14
4;682;9
4;543;0
4;599;13
4;918;14
4;620;2
4;1150;15
4;452;10
4;1103;15
4;821;5
4;839;9
4;71;15
4;299;15
4;755;12
4;736;7
4;145;2
4;780;7
4;310;5
4;325;8
4;338;2
4;695;2
4;686;11
4;944;3
4;412;4
4;321;3
4;47;6
4;1138;14
4;838;0
4;41;0
4;669;4
4;651;5
4;538;4
4;976;8
4;665;13
4;517;0
4;1038;13
4;666;3
4;1081;15
4;694;14
4;53;1
4;379;10
4;289;1
4;1141;5
4;35;4
4;339;6
4;769;2
4;891;13
4;706;6
4;1005;0
4;957;15
4;82;7
4;930;3
4;595;14
4;133;1
4;808;9
4;245;0
4;60;0
4;973;1
4;974;7
4;468;14
4;238;7
4;782;1
4;488;2
4;230;8
4;799;12
4;698;15
4;1059;1
4;37;12
4;86;9
4;808;7
4;243;1
4;759;5
4;755;14
4;800;1
4;726;7
4;332;0
4;276;5
4;661;15
4;1030;0
4;826;14
4;1127;14
4;366;1
4;946;0
4;665;0
4;245;0
4;509;15
4;831;7
4;63;1
4;276;14
4;752;9
4;596;15
4;100;15
4;942;13
4;498;11
4;411;13
4;249;13
4;102;14
4;332;0
4;567;1
4;745;15
4;587;2
4;285;12
4;684;3
4;49;13
4;1119;6
4;1127;1
4;706;1
4;1006;15
4;1001;12
4;815;15
4;574;8
4;301;6
4;117;5
4;3;8
4;1134;3
4;2;2
4;34;1
4;249;6
4;1094;1
4;967;14
4;798;9
4;744;11
4;452;6
4;354;7
4;464;6
4;442;0
4;1137;8
4;276;4
4;83;7
4;213;5
4;418;3
4;896;4
4;139;10
4;492;2
4;680;6
4;647;13
4;91;4
4;255;15
4;475;11
4;4;3
4;559;0
4;751;5
4;222;2
4;942;2
4;171;4
4;94;15
4;959;0
4;933;0
4;642;1
4;351;8
4;954;8
4;1006;10
4;394;9
4;569;14
4;488;15
4;23;2
4;1128;2
4;127;8
4;316;1
4;1131;14
4;52;13
4;1002;8
4;680;3
4;681;2
4;413;0
4;800;7
4;402;4
4;371;2
4;1139;15
4;981;11
4;332;7
4;222;11
4;334;9
4;801;6
4;198;14
4;706;1
4;508;0
4;419;4
4;286;3
4;1120;7
4;56;15
4;355;4
4;391;11
4;80;11
4;175;2
4;41;12
4;154;3
4;653;11
4;238;0
4;233;12
4;23;7
4;491;0
4;556;6
4;44;1
4;575;9
4;911;3
4;1127;2
4;1132;1
4;352;10
4;722;1
4;743;14
4;152;2
4;88;9
4;36;0
4;712;0
4;606;6
4;39;0
4;886;14
4;232;0
4;247;11
4;252;1
4;352;1
4;1006;15
4;577;5
4;66;7
4;1093;1
4;971;14
4;47;5
4;1106;12
4;709;5
4;493;5
4;941;10
4;981;12
4;289;9
4;684;10
4;24;0
4;359;6
4;1081;6
4;808;1
4;683;10
4;965;2
4;220;8
4;1121;12
4;333;11
4;40;4
4;774;11
4;979;0
4;388;13
4;124;6
4;632;9
4;78;0
4;1084;11
4;1045;9
4;527;3
4;584;4
4;683;9
4;449;10
4;278;11
4;1139;14
4;333;11
4;330;11
4;449;13
4;432;2
4;1018;7
4;47;2
4;983;15
4;463;12
4;813;14
4;788;7
4;894;0
4;614;2
4;946;9
4;689;3
4;41;8
4;799;5
4;41;12
4;430;9
4;446;9
4;346;4
4;823;7
4;1113;12
4;418;6
4;629;7
4;235;0
4;1118;1
4;376;15
4;683;6
4;1117;14
4;139;9
4;781;2
4;257;10
4;42;1
4;553;11
4;835;0
4;1009;3
4;414;14
4;591;14
4;558;3
4;413;6
4;429;8
4;62;1
4;153;6
4;630;12
4;278;3
4;457;12
4;765;9
4;979;1
4;287;9
4;1124;2
4;996;2
4;416;9
4;309;7
4;612;0
4;968;12
4;567;6
4;465;15
4;717;2
4;574;4
4;740;11
4;745;11
4;557;0
4;540;8
4;372;12
4;404;2
4;954;6
4;90;4
4;420;7
4;378;9
4;459;14
4;116;11
4;628;10
4;314;7
4;787;7
4;90;15
4;1075;2
4;87;2
4;453;13
4;245;14
4;1052;13
4;963;2
4;833;8
4;58;4
4;351;9
4;622;5
4;293;0
4;170;8
4;85;6
4;413;8
4;918;9
4;701;0
4;643;4
4;447;10
4;15;1
4;368;14
4;883;0
4;287;1
4;566;6
4;1095;7
4;871;7
4;1095;4
4;633;6
4;1078;6
4;91;12
4;91;3
4;1073;0
4;553;0
4;681;10
4;724;5
4;876;5
4;767;3
4;26;7
4;473;4
4;221;15
4;598;1
4;411;1
4;1118;6
4;296;7
4;383;11
4;876;14
4;758;5
4;992;4
4;1100;1
4;864;8
4;725;6
4;321;11
4;1098;6
4;538;4
4;341;11
4;1028;9
4;954;15
4;155;7
4;473;6
4;945;5
4;836;9
4;1076;8
4;729;9
4;1057;2
4;432;10
4;130;12
4;569;2
4;1107;7
4;843;3
4;1101;6
4;689;9
4;200;3
4;888;8
4;983;5
4;975;2
4;536;15
4;326;3
4;43;15
4;486;4
4;611;3
4;407;7
4;95;5
4;815;1
4;950;1
4;254;9
4;750;14
4;1035;15
4;143;5
4;664;10
4;620;12
4;382;8
4;142;2
4;314;4
4;1127;8
4;723;9
4;851;12
4;53;13
4;323;9
4;466;9
4;868;3
4;1153;6
4;343;7
4;376;12
4;1032;12
4;858;7
4;17;6
4;1022;14
4;1000;14
4;926;3
4;606;10
4;843;3
4;633;8
4;978;11
4;1025;9
4;89;13
4;795;11
4;261;14
4;665;15
4;505;11
4;964;13
4;455;3
4;487;5
4;80;10
4;1050;11
4;175;6
4;705;5
4;377;13
4;388;10
4;652;4
4;336;13
4;951;2
4;289;9
4;953;8
4;298;12
4;132;13
4;12;1
4;334;2
4;291;13
4;197;2
4;23;15
4;353;14
4;569;4
4;440;7
4;651;2
4;789;12
4;707;8
4;699;3
4;1098;1
4;863;14
4;293;6
4;899;7
4;883;8
4;51;5
4;580;10
4;363;3
4;576;5
4;620;0
4;481;9
4;1022;13
4;649;15
4;272;6
4;502;3
4;346;0
4;435;14
4;1133;9
4;535;12
4;67;12
4;1145;9
4;3;11
4;634;5
4;391;15
4;379;2
4;761;12
4;29;0
4;551;15
4;840;2
4;1076;2
4;534;14
4;394;2
4;589;13
4;796;5
4;487;1
4;482;1
4;377;5
4;205;8
4;575;8
4;587;0
4;37;7
4;1076;5
4;1136;13
4;241;12
4;675;2
4;470;11
4;56;4
4;212;3
4;108;2
4;721;11
4;220;9
4;649;8
4;836;10
4;4;11
4;1134;15
4;503;0
4;361;8
4;944;12
4;767;8
4;544;12
4;166;3
4;782;12
4;174;7
4;526;3
4;142;14
4;438;7
4;478;11
4;173;11
4;1078;6
4;299;4
4;655;5
4;335;7
4;646;3
4;14;2
4;583;3
4;610;15
4;1136;7
4;391;12
4;980;11
4;892;3
4;975;4
4;157;14
4;986;1
4;490;2
4;223;9
4;450;1
4;1028;13
4;295;11
4;476;13
4;846;15
4;244;8
4;1094;3
4;658;7
4;801;4
4;599;14
4;1144;3
4;1074;6
4;383;11
4;456;11
4;843;3
4;179;3
4;363;15
4;890;5
4;907;11
4;982;11
4;270;3
4;416;11
4;332;14
4;858;8
4;894;2
4;280;7
4;742;12
4;352;8
4;661;1
4;677;13
4;1043;7
4;1054;12
4;210;2
4;644;14
4;954;9
4;654;11
4;694;5
4;356;12
4;500;4
4;321;6
4;51;8
4;494;13
4;794;9
4;78;8
4;164;12
4;851;7
4;440;12
4;649;10
4;1144;11
4;820;5
4;202;3
4;405;14
4;997;6
4;281;3
4;793;8
4;738;11
4;125;3
4;348;8
4;716;14
4;910;11
4;985;3
4;951;14
4;232;9
4;678;9
4;423;8
4;1127;11
4;356;10
4;286;10
4;610;5
4;206;0
4;492;5
4;799;0
4;930;1
4;275;1
4;1084;12
4;417;6
4;51;13
4;569;15
4;1057;2
4;706;10
4;130;0
4;339;15
4;80;7
4;737;15
4;720;11
4;1040;8
4;853;10
4;797;6
4;589;4
4;909;6
4;514;6
4;1052;1
4;46;11
4;490;11
4;45;9
4;51;8
4;454;4
4;1054;7
4;102;13
4;582;10
4;29;11
4;226;15
4;200;0
4;1085;12
4;535;13
4;846;10
4;522;7
4;239;2
4;115;9
4;412;1
4;843;15
4;1066;0
4;439;6
4;729;14
4;627;6
4;479;3
4;83;15
4;526;11
4;433;12
4;855;7
4;436;9
4;476;4
4;771;8
4;431;5
4;380;12
4;3;1
4;388;8
4;398;8
4;379;0
4;386;10
4;743;3
4;1133;3
4;783;0
4;127;12
4;723;8
4;223;0
4;1146;2
4;65;11
4;874;4
4;716;14
4;546;7
4;19;0
4;893;15
4;340;7
4;467;5
4;1070;12
4;585;4
4;860;12
4;1052;7
4;385;9
4;490;5
4;1085;14
4;889;14
4;785;12
4;61;8
4;466;2
4;101;11
4;179;8
4;404;1
4;919;15
4;976;6
4;19;15
4;117;9
4;486;14
4;217;3
4;735;5
4;767;14
4;847;5
4;159;2
4;1051;7
4;30;6
4;861;1
4;729;12
4;787;8
4;804;12
4;264;13
4;496;7
5;541;10
5;421;3
5;1039;10
5;868;7
5;808;8
5;910;4
5;128;15
5;620;7
5;62;7
5;513;8
5;1025;11
5;294;5
5;366;12
5;731;9
5;1096;14
5;1143;7
5;549;7
5;362;12
5;282;10
5;30;10
5;897;0
5;15;4
5;173;8
5;489;8
5;1056;10
5;2;11
5;389;10
5;741;8
5;1115;0
5;1124;4
5;1061;8
5;1058;7
5;770;13
5;444;10
5;799;8
5;267;9
5;699;6
5;896;14
5;867;10
5;985;12
5;731;1
5;169;3
5;1081;11
5;58;8
5;949;5
5;278;9
5;105;9
5;579;1
5;1015;14
5;195;3
5;1065;7
5;333;0
5;35;2
5;644;1
5;611;7
5;850;10
5;682;13
5;141;11
5;732;0
5;374;11
5;295;9
5;24;15
5;649;5
5;449;4
5;205;6
5;374;6
5;273;9
5;204;4
5;425;7
5;896;4
5;1134;4
5;325;3
5;182;9
5;409;5
5;37;7
5;594;6
5;354;14
5;131;9
5;7;5
5;855;10
5;494;10
5;1099;10
5;345;10
5;909;5
5;922;4
5;318;13
5;286;12
5;786;13
5;550;14
5;777;10
5;366;14
5;42;1
5;212;9
5;246;2
5;306;8
5;855;10
5;1029;7
5;36;11
5;707;3
5;305;12
5;792;3
5;1052;15
5;367;2
5;450;11
5;599;7
5;66;1
5;98;0
5;633;11
5;694;4
5;736;6
5;472;10
5;117;9
5;343;6
5;1000;15
5;1133;12
5;981;5
5;448;7
5;1079;0
5;45;12
5;396;2
5;1008;11
5;310;12
5;149;3
5;21;8
5;307;6
5;1020;7
5;321;12
5;702;12
5;1048;6
5;277;4
5;428;5
5;864;7
5;309;11
5;211;4
5;629;1
5;368;2
5;705;14
5;909;9
5;96;3
5;489;13
5;279;1
5;843;7
5;706;2
5;494;0
5;655;6
5;1081;0
5;461;0
5;703;0
5;583;10
5;1058;11
5;706;3
5;185;0
5;749;6
5;128;7
5;610;7
5;76;2
5;80;9
5;104;12
5;12;8
5;643;3
5;210;10
5;91;13
5;740;0
5;717;12
5;31;5
5;306;0
5;591;10
5;581;15
5;724;8
5;18;5
5;318;11
5;950;3
5;124;8
5;668;5
5;895;15
5;61;4
5;230;8
5;1103;10
5;643;3
5;694;9
5;851;1
5;457;4
5;1142;11
5;135;10
5;261;14
5;654;8
5;699;11
5;959;2
5;186;2
5;388;0
5;12;11
5;1064;10
5;697;11
5;791;0
5;141;10
5;676;6
5;165;11
5;1115;10
5;76;5
5;364;13
5;150;10
5;373;1
5;936;10
5;165;8
5;771;8
5;969;4
5;556;6
5;391;3
5;256;10
5;758;11
5;31;3
5;653;8
5;832;0
5;272;15
5;490;6
5;116;13
5;913;11
5;525;3
5;488;15
5;644;8
5;641;12
5;357;7
5;557;6
5;643;15
5;82;1
5;789;13
5;79;11
5;836;3
5;800;9
5;1129;7
5;875;12
5;862;12
5;887;8
5;758;13
5;406;6
5;297;13
5;146;15
5;1129;1
5;622;1
5;674;12
5;955;0
5;743;7
5;673;7
5;463;6
5;504;0
5;63;3
5;656;0
5;831;3
5;624;13
5;129;1
5;132;2
5;305;2
5;975;11
5;215;10
5;664;2
5;69;6
5;465;11
5;118;15
5;1004;13
5;894;4
5;769;8
5;744;12
5;908;9
5;1060;8
5;218;0
5;552;2
5;802;7
5;544;8
5;1101;13
5;516;3
5;265;10
5;770;1
5;1030;6
5;937;14
5;1113;10
5;714;2
5;862;13
5;804;11
5;965;8
5;115;1
5;575;7
5;225;0
5;979;9
5;921;1
5;178;14
5;1065;3
5;341;1
5;827;11
5;276;15
5;942;7
5;749;4
5;845;10
5;344;2
5;228;14
5;494;11
5;881;11
5;376;9
5;465;10
5;782;13
5;283;15
5;363;11
5;279;3
5;232;9
5;108;7
5;590;9
5;329;9
5;170;4
5;587;8
5;970;5
5;962;10
5;530;8
5;199;9
5;1016;14
5;502;12
5;564;11
5;277;15
5;52;12
5;83;7
5;978;13
5;1004;3
5;929;15
5;828;2
5;865;14
5;988;4
5;1018;2
5;793;15
5;985;9
5;468;0
5;1140;14
5;895;6
5;270;10
5;737;5
5;771;9
5;365;14
5;1033;0
5;238;4
5;1013;6
5;425;6
5;934;1
5;385;1
5;473;6
5;411;4
5;200;7
5;980;1
5;14;14
5;1106;14
5;690;7
5;257;4
5;241;9
5;326;1
5;140;6
5;710;12
5;1029;12
5;347;9
5;692;15
5;754;2
5;164;3
5;439;9
5;585;6
5;839;3
5;85;11
5;408;11
5;116;2
5;393;14
5;937;7
5;213;12
5;448;3
5;1035;10
5;306;4
5;928;2
5;841;6
5;187;14
5;606;13
5;1017;11
5;433;8
5;1145;13
5;317;15
5;373;10
5;1072;1
5;184;2
5;708;4
5;478;2
5;162;12
5;25;11
5;830;3
5;488;9
5;10;13
5;474;8
5;294;10
5;906;13
5;135;0
5;550;1
5;412;11
5;1118;6
5;470;10
5;1058;7
5;806;0
5;1074;8
5;409;11
5;368;9
5;306;13
5;1094;12
5;165;1
5;687;11
5;765;3
5;1077;14
5;174;3
5;790;12
5;249;5
5;919;7
5;303;2
5;1136;8
5;414;6
5;335;10
5;286;10
5;45;9
5;1076;10
5;376;10
5;332;14
5;91;3
5;720;6
5;1050;10
5;605;7
5;734;6
5;390;15
5;272;11
5;657;6
5;358;10
5;321;5
5;179;9
5;1108;8
5;664;14
5;827;15
5;1078;2
5;759;15
5;940;12
5;363;1
5;762;4
5;861;1
5;773;8
5;917;11
5;872;14
5;628;15
5;381;11
5;1067;3
5;1050;4
5;937;8
5;844;5
5;106;5
5;963;4
5;1046;12
5;274;10
5;524;13
5;942;5
5;87;8
5;739;6
5;843;9
5;203;3
5;137;2
5;840;10
5;254;3
5;644;1
5;241;6
5;908;4
5;398;5
5;542;8
5;176;14
5;58;3
5;789;3
5;79;4
5;199;6
5;954;15
5;822;5
5;816;6
5;830;9
5;627;7
5;907;9
5;1043;5
5;758;0
5;321;4
5;326;2
5;667;8
5;666;10
5;577;0
5;885;1
5;35;8
5;852;6
5;309;3
5;301;14
5;843;13
5;758;14
5;904;7
5;860;8
5;1047;2
5;64;15
5;1071;7
5;447;3
5;441;6
5;937;6
5;71;8
5;806;0
5;893;10
5;425;11
5;737;13
5;922;2
5;895;3
5;1041;8
5;249;13
5;265;7
5;953;4
5;322;6
5;1040;7
5;656;12
5;5;13
5;103;2
5;787;11
5;953;7
5;586;3
5;651;10
5;725;0
5;903;4
5;71;0
5;595;5
5;227;13
5;82;14
5;532;10
5;99;11
5;247;11
5;916;14
5;338;14
5;1116;6
5;1087;6
5;1143;3
5;434;14
5;998;14
5;704;9
5;1115;0
5;62;10
5;16;12
5;164;11
5;235;2
5;653;7
5;34;11
5;379;4
5;225;8
5;908;14
5;879;1
5;237;9
5;1095;7
5;341;9
5;988;12
5;213;12
5;303;11
5;114;9
5;43;11
5;121;9
5;806;7
5;771;9
5;248;9
5;997;11
5;329;15
5;554;5
5;456;0
5;1098;12
5;88;12
5;110;15
5;676;6
5;142;3
5;616;9
5;365;13
5;896;14
5;294;9
5;1071;10
5;766;15
5;853;7
5;132;1
5;889;5
5;855;5
5;492;11
5;275;5
5;383;14
5;94;4
5;829;13
5;595;7
5;262;3
5;840;5
5;83;9
5;503;13
5;831;13
5;542;14
5;230;14
5;1144;0
5;407;1
5;576;2
5;185;9
5;711;8
5;110;10
5;654;5
5;15;0
5;167;0
5;11;15
5;1046;3
5;10;12
5;1073;2
5;1112;8
5;1053;12
5;433;2
5;451;9
5;966;11
5;578;3
5;1089;15
5;1019;9
5;560;4
5;888;13
5;782;2
5;1044;5
5;876;1
5;245;4
5;312;7
5;68;1
5;1127;6
5;1095;0
5;986;2
5;541;11
5;1124;6
5;881;14
5;592;0
5;1030;15
5;1059;13
5;1135;13
5;1009;12
5;511;14
5;899;15
5;894;12
5;213;6
5;74;10
5;1130;13
5;750;5
5;30;14
5;659;2
5;1032;15
5;207;4
5;1097;14
5;906;6
5;198;15
5;88;12
5;385;13
5;194;1
5;602;1
5;218;3
5;1147;10
5;979;1
5;15;4
5;193;8
5;1039;7
5;1130;13
5;666;14
5;525;12
5;321;3
5;8;11
5;712;11
5;379;6
5;60;8
5;546;9
5;768;1
5;736;9
5;802;14
5;62;2
5;773;0
5;544;2
5;1145;0
5;871;0
5;755;8
5;269;0
5;96;8
5;672;5
5;470;6
5;163;13
5;211;2
5;397;4
5;242;3
5;643;5
5;57;2
5;111;13
5;134;10
5;978;9
5;508;4
5;310;6
5;915;2
5;726;6
5;678;6
5;1041;10
5;963;8
5;156;14
5;895;0
5;406;7
5;657;13
5;1021;13
5;220;15
5;977;0
5;731;6
5;1023;7
5;571;14
5;766;6
5;732;4
5;847;1
5;707;6
5;929;15
5;75;7
5;416;15
5;502;14
5;273;10
5;137;1
5;449;7
5;246;9
5;831;12
5;6;14
5;650;9
5;156;4
5;734;10
5;887;12
5;921;11
5;96;0
5;1142;2
5;430;3
5;1106;14
5;1017;13
5;684;15
5;774;10
5;485;11
5;987;3
5;1097;13
5;932;7
5;733;0
5;569;3
5;627;10
5;1053;2
5;529;14
5;145;4
5;391;1
5;149;13
5;224;3
5;746;8
5;412;7
5;162;3
5;892;1
5;662;15
5;759;2
5;725;10
5;206;8
5;76;7
5;935;15
5;224;2
5;226;5
5;351;12
5;703;11
5;25;1
5;910;11
5;191;2
5;754;2
5;31;2
5;205;3
5;1050;8
5;112;4
5;980;8
5;826;9
5;798;5
5;1022;12
5;524;11
5;1150;1
5;624;4
5;364;10
5;929;15
5;1028;1
5;317;11
5;502;6
5;127;12
5;778;5
5;442;1
5;889;14
5;568;11
5;362;6
5;191;5
5;110;5
5;439;6
5;545;4
5;1014;13
5;608;1
5;854;1
5;545;3
5;117;14
5;581;7
5;141;15
5;737;9
5;679;4
5;613;8
5;1058;14
5;1023;13
5;237;3
5;419;0
5;909;1
5;45;12
5;457;0
5;694;15
5;840;11
5;310;1
5;1094;12
5;1067;1
5;85;14
5;974;7
5;756;5
5;749;9
5;692;6
5;400;4
5;1130;6
5;389;4
5;1118;15
5;582;3
5;606;12
5;371;12
5;154;1
5;1087;10
5;521;12
5;511;0
5;775;12
5;353;10
5;692;6
5;359;7
5;1113;9
5;898;0
5;60;2
5;977;7
5;689;0
5;294;13
5;815;12
5;433;3
5;208;1
5;428;6
5;767;5
5;261;15
5;47;14
5;370;9
5;267;3
5;1064;6
5;259;5
5;791;8
5;857;7
5;486;15
5;878;3
5;74;6
5;1082;12
5;279;0
5;227;5
5;544;11
5;702;11
5;224;1
5;1022;14
5;112;15
5;104;10
5;367;14
5;715;0
5;876;3
5;1084;0
5;1019;10
5;839;12
5;346;3
5;64;1
5;938;6
5;697;9
5;865;5
5;361;9
5;1140;11
5;932;11
5;199;12
5;748;5
5;635;0
5;323;9
5;206;0
5;615;10
5;128;3
5;67;2
5;75;1
5;673;10
5;954;6
5;536;6
5;101;4
5;453;1
5;763;6
5;274;5
5;539;5
5;1122;12
5;1120;6
5;283;11
5;677;1
5;827;2
5;521;13
5;350;4
5;926;13
5;121;8
5;451;8
6;501;15
6;570;3
6;286;11
6;342;5
6;963;8
6;858;10
6;36;4
6;1153;4
6;44;11
6;776;14
6;805;9
6;410;3
6;379;3
6;863;6
6;198;15
6;772;4
6;938;10
6;21;12
6;702;14
6;237;6
6;705;2
6;788;10
6;1066;5
6;384;13
6;990;9
6;897;0
6;669;12
6;327;15
6;613;9
6;270;0
6;84;11
6;255;6
6;81;8
6;132;14
6;572;2
6;167;7
6;424;2
6;229;8
6;797;3
6;621;5
6;901;7
6;564;9
6;789;4
6;928;1
6;740;2
6;687;8
6;538;12
6;473;9
6;540;13
6;803;11
6;1050;6
6;239;9
6;531;6
6;56;8
6;1100;9
6;288;4
6;561;9
6;666;14
6;208;15
6;247;6
6;876;6
6;11;1
6;516;0
6;300;2
6;548;4
6;929;8
6;601;12
6;899;7
6;282;9
6;782;3
6;336;5
6;155;9
6;151;4
6;313;7
6;787;13
6;75;10
6;951;9
6;221;4
6;196;14
6;715;15
6;653;11
6;360;3
6;70;11
6;37;11
6;418;5
6;971;3
6;671;4
6;563;3
6;165;9
6;647;6
6;423;1
6;195;5
6;205;8
6;421;14
6;763;13
6;281;15
6;435;2
6;707;1
6;762;11
6;1110;9
6;234;13
6;566;11
6;910;12
6;1053;8
6;258;2
6;728;1
6;617;13
6;1113;0
6;1099;10
6;1145;2
6;419;4
6;699;0
6;806;7
6;1035;4
6;863;11
6;736;13
6;959;10
6;143;15
6;629;7
6;319;12
6;497;12
6;363;2
6;970;15
6;78;4
6;499;9
6;730;0
6;610;3
6;16;10
6;1145;10
6;714;4
6;248;9
6;427;2
6;197;15
6;9;12
6;972;8
6;21;13
6;1042;6
6;632;5
6;194;3
6;429;11
6;977;13
6;388;5
6;1153;14
6;536;8
6;758;11
6;162;1
6;791;1
6;971;1
6;642;7
6;736;15
6;709;5
6;370;3
6;226;7
6;1139;8
6;1115;11
6;1116;0
6;222;12
6;1033;3
6;8;7
6;1031;10
6;150;6
6;1005;13
6;48;5
6;981;0
6;984;2
6;988;12
6;1149;9
6;923;8
6;695;10
6;194;1
6;345;6
6;751;0
6;88;1
6;502;8
6;42;3
6;100;14
6;16;11
6;973;0
6;559;4
6;1114;7
6;1072;13
6;847;9
6;1110;14
6;151;1
6;209;1
6;970;5
6;986;6
6;512;2
6;237;0
6;356;12
6;759;2
6;1076;14
6;431;12
6;1092;5
6;1001;0
6;822;7
6;545;10
6;338;0
6;486;0
6;1047;7
6;188;1
6;1032;0
6;1010;3
6;94;15
6;327;14
6;1134;3
6;496;1
6;104;13
6;939;7
6;349;5
6;994;1
6;986;10
6;562;4
6;297;1
6;413;2
6;215;13
6;127;5
6;388;1
6;685;4
6;17;7
6;1004;11
6;999;8
6;781;6
6;263;14
6;42;14
6;62;5
6;777;4
6;826;11
6;151;12
6;882;13
6;91;13
6;1021;14
6;626;5
6;486;12
6;774;5
6;1119;4
6;721;8
6;375;0
6;287;2
6;403;12
6;156;8
6;111;14
6;606;0
6;455;15
6;1062;0
6;227;12
6;334;5
6;307;2
6;776;15
6;536;7
6;673;0
6;451;13
6;776;9
6;440;13
6;587;1
6;387;15
6;12;0
6;974;2
6;838;7
6;1142;6
6;1134;8
6;65;4
6;995;3
6;1039;0
6;696;8
6;510;11
6;155;9
6;559;0
6;981;15
6;28;15
6;787;1
6;711;3
6;809;4
6;237;5
6;373;13
6;973;15
6;44;15
6;490;12
6;98;8
6;967;13
6;449;8
6;715;1
6;869;5
6;518;14
6;996;10
6;897;9
6;238;12
6;859;10
6;1128;0
6;915;12
6;436;4
6;587;14
6;444;10
6;512;15
6;948;2
6;791;5
6;272;13
6;465;9
6;829;5
6;1139;10
6;1095;7
6;1107;6
6;1074;9
6;647;6
6;309;3
6;501;11
6;736;6
6;195;14
6;311;0
6;322;1
6;806;10
6;95;0
6;614;15
6;507;13
6;618;1
6;575;14
6;181;10
6;818;13
6;837;1
6;297;13
6;79;10
6;704;3
6;926;6
6;839;9
6;132;12
6;304;7
6;331;13
6;728;12
6;4;14
6;555;0
6;258;2
6;592;15
6;236;7
6;98;15
6;73;8
6;938;3
6;552;6
6;750;15
6;83;15
6;684;6
6;648;9
6;570;10
6;800;14
6;604;9
6;538;12
6;756;9
6;297;4
6;385;0
6;851;7
6;798;15
6;685;15
6;3;2
6;523;2
6;255;7
6;315;10
6;2;11
6;908;12
6;1105;6
6;22;4
6;669;5
6;594;8
6;513;10
6;368;10
6;83;2
6;179;13
6;394;3
6;368;15
6;896;6
6;142;10
6;108;11
6;233;1
6;425;0
6;133;15
6;640;14
6;211;1
6;750;2
6;1021;2
6;491;13
6;218;7
6;917;15
6;268;1
6;377;8
6;334;13
6;992;2
6;612;13
6;381;9
6;290;14
6;278;2
6;1009;8
6;832;13
6;180;3
6;1099;12
6;811;10
6;394;15
6;417;10
6;272;2
6;1028;9
6;875;8
6;1071;6
6;866;6
6;706;3
6;10;9
6;545;10
6;651;8
6;576;10
6;1072;1
6;369;1
6;431;7
6;963;0
6;429;10
6;206;12
6;1074;15
6;313;1
6;266;11
6;630;7
6;351;1
6;107;11
6;760;3
6;827;3
6;111;10
6;541;3
6;513;13
6;923;0
6;1022;2
6;37;6
6;474;11
6;386;10
6;788;2
6;898;10
6;722;9
6;1030;15
6;511;4
6;5;11
6;102;8
6;719;11
6;532;11
6;1023;4
6;84;14
6;1013;1
6;701;1
6;823;14
6;303;8
6;133;10
6;28;3
6;581;14
6;46;0
6;744;0
6;89;5
6;46;5
6;390;6
6;470;11
6;360;2
6;1088;10
6;81;0
6;291;4
6;1041;7
6;1141;15
6;476;9
6;1121;15
6;512;0
6;839;6
6;1042;6
6;540;13
6;466;4
6;453;14
6;1067;14
6;666;11
6;452;3
6;1136;4
6;939;5
6;624;6
6;783;0
6;731;3
6;690;1
6;469;0
6;23;6
6;411;6
6;280;12
6;554;7
6;454;6
6;607;7
6;970;4
6;966;3
6;460;0
6;146;4
6;988;2
6;343;12
6;642;8
6;656;5
6;554;7
6;712;3
6;632;2
6;597;5
6;705;8
6;972;0
6;948;2
6;230;9
6;741;15
6;485;4
6;935;0
6;498;10
6;33;13
6;765;3
6;101;15
6;190;8
6;5;8
6;120;8
6;125;2
6;1145;9
6;132;3
6;227;10
6;901;11
6;72;4
6;388;8
6;542;11
6;1152;10
6;563;15
6;216;7
6;712;5
6;11;0
6;784;13
6;509;1
6;457;5
6;963;5
6;1108;2
6;1077;15
6;942;15
6;1116;14
6;104;14
6;1058;11
6;47;11
6;512;10
6;93;10
6;433;8
6;566;3
6;559;0
6;402;12
6;560;6
6;897;0
6;645;10
6;744;10
6;1064;9
6;1123;6
6;444;7
6;283;12
6;876;3
6;423;14
6;39;13
6;798;13
6;53;8
6;436;13
6;152;14
6;336;7
6;722;10
6;343;13
6;50;15
6;308;2
6;324;12
6;864;10
6;417;4
6;1067;4
6;1067;6
6;859;1
6;536;2
6;1083;8
6;1150;8
6;1081;6
6;1002;0
6;88;14
6;388;13
6;86;7
6;664;9
6;176;9
6;697;8
6;933;6
6;354;12
6;503;10
6;613;1
6;606;5
6;387;7
6;1050;9
6;1044;11
6;992;14
6;425;5
6;993;4
6;183;11
6;646;8
6;203;6
6;1012;11
6;508;13
6;61;10
6;56;6
6;487;7
6;578;10
6;1071;3
6;650;4
6;994;12
6;11;3
6;1139;8
6;176;7
6;298;14
6;782;6
6;549;2
6;1142;6
6;764;14
6;46;13
6;568;14
6;441;15
6;892;3
6;922;10
6;722;14
6;398;8
6;943;14
6;933;14
6;413;8
6;937;3
6;239;2
6;82;9
6;178;10
6;864;13
6;822;8
6;499;1
6;1075;5
6;966;10
6;302;14
6;117;15
6;819;3
6;1110;0
6;537;9
6;731;0
6;507;2
6;832;10
6;255;15
6;543;12
6;475;0
6;190;7
6;851;0
6;314;5
6;897;15
6;890;3
6;662;12
6;198;11
6;873;15
6;789;3
6;193;13
6;439;1
6;1084;6
6;21;11
6;441;7
6;376;1
6;84;5
6;955;12
6;998;12
6;371;14
6;419;15
6;407;1
6;1071;11
6;579;7
6;1128;12
6;44;3
6;323;1
6;594;14
6;1002;7
6;994;6
6;848;13
6;732;12
6;229;7
6;857;6
6;991;10
6;14;1
6;811;1
6;1087;2
6;881;4
6;746;15
6;131;2
6;875;12
6;678;3
6;237;9
6;1149;11
6;98;1
6;146;9
6;84;8
6;81;3
6;597;8
6;573;11
6;297;14
6;512;10
6;71;6
6;607;0
6;64;12
6;391;14
6;11;4
6;843;0
6;1078;9
6;898;7
6;173;0
6;511;9
6;153;8
6;506;12
6;454;6
6;514;15
6;143;15
6;4;9
6;999;8
6;934;0
6;258;15
6;190;7
6;742;10
6;239;1
6;594;12
6;182;15
6;301;15
6;936;13
6;860;10
6;105;5
6;1069;5
6;980;6
6;805;7
6;830;1
6;1016;3
6;123;2
6;221;11
6;780;3
6;787;6
6;659;2
6;919;12
6;276;10
6;136;7
6;441;10
6;32;12
6;496;7
6;363;14
6;1088;5
6;656;13
6;800;14
6;980;3
6;581;7
6;893;10
6;1099;6
6;849;5
6;349;0
6;669;13
6;93;8
6;854;15
6;186;5
6;423;2
6;769;0
6;768;13
6;15;5
6;385;3
6;224;2
6;323;6
6;4;6
6;819;8
6;377;1
6;92;2
6;769;2
6;95;15
6;263;2
6;96;8
6;367;1
6;523;9
6;851;8
6;857;6
6;509;13
6;838;5
6;386;8
6;623;8
6;811;6
6;1103;13
6;957;12
6;830;15
6;408;15
6;193;14
6;1049;10
6;601;7
6;3;8
6;32;11
6;900;3
6;855;13
6;846;15
6;102;3
6;947;1
6;189;13
6;183;15
6;290;8
6;111;4
6;153;1
6;621;15
6;252;6
6;537;14
6;141;0
6;68;14
6;609;7
6;678;12
6;539;15
6;543;2
6;930;2
6;471;10
6;725;8
6;1006;13
6;1029;9
6;494;5
6;653;8
6;379;9
6;937;3
6;323;9
6;255;14
6;56;2
6;816;4
6;374;10
6;1004;9
6;1079;4
6;432;3
6;706;11
6;879;15
6;578;12
6;148;15
6;456;8
6;702;15
6;727;6
6;120;8
6;96;8
6;527;4
6;884;0
6;576;3
6;490;8
6;506;11
6;737;13
6;1043;6
6;1033;13
6;733;11
6;104;10
6;381;1
6;436;10
6;763;4
6;44;3
6;1127;15
6;1152;9
6;27;14
6;411;0
6;543;3
6;300;8
6;139;3
6;684;13
6;554;10
6;490;12
6;324;6
6;449;4
6;75;7
6;585;1
6;653;14
6;698;13
6;656;3
6;612;4
6;249;1
6;840;13
6;412;15
6;261;0
6;913;13
6;71;8
6;773;14
6;381;13
6;381;2
6;1110;6
6;1049;14
6;195;0
6;723;0
6;370;4
6;737;7
6;1075;6
6;675;10
6;138;15
6;616;12
6;491;6
6;1086;14
6;864;14
6;16;9
6;812;3
6;803;1
6;694;9
6;1030;6
6;960;2
6;694;13
6;162;10
6;648;7
6;945;2
6;478;5
6;1004;0
6;144;7
6;39;5
6;323;12
6;295;9
6;260;9
6;662;9
6;54;15
6;7;1
6;987;9
6;118;1
6;301;4
7;962;2
7;358;3
7;914;1
7;953;6
7;775;9
7;29;11
7;735;12
7;1105;6
7;990;14
7;261;8
7;948;14
7;291;5
7;268;14
7;373;6
7;733;12
7;296;1
7;764;11
7;152;15
7;996;13
7;542;14
7;414;2
7;633;7
7;990;4
7;66;6
7;269;11
7;579;7
7;155;0
7;461;11
7;582;3
7;274;12
7;1074;2
7;897;1
7;763;6
7;593;6
7;541;5
7;189;9
7;19;7
7;542;14
7;719;14
7;514;12
7;458;12
7;1001;12
7;50;13
7;666;10
7;964;6
7;1009;9
7;80;9
7;507;12
7;543;5
7;12;2
7;846;15
7;22;8
7;474;7
7;245;14
7;307;13
7;1013;6
7;124;4
7;553;12
7;746;10
7;971;6
7;398;4
7;1078;2
7;652;6
7;1140;2
7;386;10
7;499;14
7;236;0
7;533;15
7;125;13
7;765;14
7;71;7
7;772;3
7;465;14
7;981;1
7;375;10
7;178;5
7;748;0
7;196;8
7;354;8
7;604;12
7;681;13
7;740;9
7;913;1
7;966;9
7;870;10
7;1071;11
7;1069;6
7;791;14
7;925;8
7;1111;14
7;451;8
7;598;2
7;439;12
7;1109;14
7;192;7
7;26;15
7;514;5
7;549;2
7;139;6
7;307;15
7;339;13
7;214;15
7;687;5
7;395;12
7;346;6
7;253;11
7;213;5
7;1018;10
7;1038;8
7;1047;13
7;874;0
7;570;0
7;513;14
7;36;12
7;1012;3
7;1146;8
7;35;7
7;234;1
7;453;4
7;671;7
7;182;14
7;816;9
7;1088;7
7;537;7
7;179;8
7;495;8
7;558;9
7;1071;1
7;883;5
7;396;2
7;663;8
7;180;5
7;894;9
7;977;4
7;406;3
7;603;4
7;524;13
7;824;6
7;211;1
7;846;10
7;732;13
7;659;8
7;566;8
7;105;8
7;700;1
7;662;11
7;616;5
7;576;6
7;697;15
7;243;1
7;567;5
7;572;13
7;11;7
7;400;3
7;449;7
7;1087;1
7;806;0
7;1075;14
7;1087;15
7;390;14
7;301;12
7;32;5
7;221;0
7;96;8
7;613;10
7;550;14
7;277;6
7;378;7
7;946;7
7;593;13
7;1109;7
7;145;15
7;524;11
7;968;7
7;213;13
7;370;10
7;503;1
7;4;2
7;1018;5
7;518;11
7;688;10
7;610;6
7;431;15
7;387;5
7;978;11
7;263;10
7;906;6
7;81;9
7;268;15
7;284;7
7;197;13
7;36;5
7;344;4
7;1061;3
7;378;12
7;1039;7
7;812;10
7;457;4
7;410;14
7;1110;2
7;723;11
7;354;2
7;376;0
7;828;12
7;458;7
7;266;4
7;999;12
7;780;2
7;393;14
7;1114;7
7;890;6
7;912;7
7;520;5
7;957;1
7;749;4
7;736;10
7;445;13
7;575;11
7;641;10
7;771;4
7;26;11
7;500;0
7;784;13
7;1031;2
7;666;9
7;62;2
7;529;3
7;254;5
7;549;13
7;1003;2
7;221;0
7;984;7
7;764;3
7;1072;6
7;782;3
7;1090;3
7;1078;5
7;202;14
7;982;3
7;111;1
7;651;13
7;982;0
7;314;15
7;505;4
7;982;12
7;841;10
7;613;7
7;384;12
7;277;0
7;394;10
7;525;11
7;763;15
7;1043;5
7;482;4
7;179;11
7;162;0
7;1138;13
7;213;5
7;1124;13
7;379;9
7;750;15
7;1127;5
7;660;1
7;902;10
7;268;10
7;620;8
7;178;14
7;591;3
7;157;15
7;207;15
7;142;6
7;387;15
7;300;6
7;973;12
7;22;12
7;418;14
7;1141;8
7;623;11
7;135;1
7;258;0
7;590;5
7;233;8
7;682;8
7;883;1
7;948;2
7;453;0
7;338;11
7;1123;3
7;207;4
7;424;5
7;1019;11
7;425;7
7;935;6
7;526;11
7;135;1
7;780;6
7;231;7
7;593;14
7;799;5
7;169;3
7;184;0
7;546;0
7;745;1
7;436;10
7;949;13
7;303;0
7;246;14
7;4;7
7;1057;1
7;851;5
7;803;14
7;551;13
7;74;15
7;577;15
7;75;12
7;167;0
7;71;5
7;927;12
7;311;0
7;950;0
7;775;10
7;709;0
7;828;10
7;604;14
7;95;14
7;448;15
7;694;10
7;41;12
7;966;1
7;144;1
7;333;10
7;565;15
7;607;0
7;1075;9
7;1142;3
7;741;1
7;771;1
7;667;15
7;227;8
7;182;9
7;157;10
7;377;1
7;913;2
7;957;10
7;1130;5
7;888;13
7;811;10
7;1059;12
7;363;11
7;881;11
7;331;2
7;230;7
7;481;2
7;553;3
7;923;8
7;68;15
7;522;6
7;455;14
7;510;14
7;979;15
7;719;14
7;716;4
7;1048;6
7;838;6
7;31;2
7;348;12
7;91;4
7;836;6
7;1050;1
7;1145;2
7;763;8
7;580;10
7;184;5
7;204;2
7;1136;10
7;699;6
7;293;3
7;113;5
7;252;0
7;765;11
7;1005;3
7;287;9
7;971;3
7;911;12
7;954;12
7;202;14
7;997;11
7;450;4
7;729;2
7;131;3
7;82;5
7;474;13
7;1011;12
7;435;14
7;567;6
7;83;6
7;677;0
7;720;13
7;237;0
7;445;8
7;955;6
7;799;12
7;607;12
7;162;10
7;419;5
7;696;12
7;177;15
7;583;11
7;217;7
7;426;8
7;900;8
7;121;8
7;1001;2
7;424;3
7;165;8
7;272;5
7;728;11
7;314;9
7;555;14
7;686;5
7;214;1
7;74;14
7;1099;10
7;529;7
7;211;15
7;494;7
7;128;7
7;586;5
7;910;10
7;1147;0
7;105;11
7;403;9
7;321;9
7;1044;3
7;197;14
7;1149;10
7;429;14
7;547;10
7;352;2
7;985;12
7;823;5
7;453;10
7;477;7
7;101;13
7;1010;8
7;70;6
7;667;10
7;158;9
7;410;5
7;859;10
7;474;0
7;852;11
7;531;11
7;99;7
7;533;13
7;915;10
7;761;7
7;306;11
7;676;3
7;204;12
7;1064;9
7;723;15
7;928;0
7;980;12
7;618;5
7;764;2
7;1146;3
7;1104;5
7;445;10
7;623;14
7;1024;9
7;1063;12
7;517;2
7;816;15
7;49;9
7;777;3
7;1113;9
7;324;1
7;478;11
7;91;14
7;585;5
7;474;6
7;219;2
7;433;4
7;257;15
7;541;12
7;497;10
7;97;13
7;427;15
7;176;13
7;1000;4
7;1105;7
7;911;15
7;579;7
7;912;7
7;248;4
7;1118;6
7;268;10
7;356;5
7;1074;6
7;80;6
7;604;15
7;8;4
7;1048;11
7;100;3
7;1001;8
7;302;6
7;89;3
7;801;15
7;860;3
7;592;4
7;973;13
7;867;10
7;659;1
7;962;8
7;210;5
7;742;4
7;657;8
7;132;13
7;713;7
7;45;14
7;1034;11
7;574;1
7;44;13
7;806;11
7;753;2
7;421;11
7;98;9
7;950;8
7;880;4
7;566;9
7;260;13
7;313;5
7;559;12
7;341;10
7;975;15
7;281;14
7;1151;2
7;994;4
7;256;9
7;64;11
7;141;9
7;800;5
7;1083;0
7;432;3
7;230;12
7;810;10
7;58;4
7;148;14
7;193;15
7;182;2
7;331;2
7;430;5
7;750;13
7;1105;4
7;400;11
7;200;0
7;93;12
7;208;10
7;504;0
7;1079;2
7;279;12
7;822;7
7;249;12
7;562;11
7;1083;10
7;772;10
7;78;5
7;329;7
7;298;15
7;105;0
7;164;1
7;334;2
7;55;13
7;793;2
7;170;13
7;585;12
7;867;3
7;1021;14
7;331;8
7;554;10
7;226;12
7;231;14
7;568;14
7;42;7
7;240;12
7;234;1
7;806;5
7;477;7
7;926;1
7;968;15
7;939;3
7;216;15
7;927;7
7;1093;2
7;91;5
7;235;15
7;321;11
7;637;14
7;220;11
7;2;5
7;938;7
7;892;5
7;668;0
7;717;5
7;271;9
7;155;1
7;528;9
7;570;7
7;231;12
7;1071;10
7;479;4
7;190;12
7;381;15
7;353;11
7;987;5
7;580;0
7;965;8
7;1146;3
7;868;7
7;1104;13
7;1144;1
7;212;9
7;314;4
7;383;5
7;319;3
7;897;3
7;617;14
7;379;14
7;614;0
7;1132;0
7;813;8
7;866;3
7;894;3
7;1017;10
7;1052;2
7;426;11
7;1033;3
7;401;0
7;835;13
7;107;11
7;89;12
7;187;11
7;223;1
7;582;4
7;300;13
7;802;3
7;252;13
7;574;5
7;206;11
7;337;14
7;392;2
7;187;3
7;802;5
7;848;7
7;537;5
7;324;0
7;559;1
7;675;4
7;338;10
7;438;3
7;771;14
7;986;6
7;252;8
7;14;4
7;688;7
7;927;2
7;632;8
7;934;4
7;310;2
7;524;2
7;920;10
7;799;12
7;1062;15
7;820;0
7;550;14
7;399;15
7;925;4
7;453;1
7;590;13
7;948;4
7;294;3
7;1126;14
7;1147;3
7;1139;10
7;1044;6
7;666;4
7;605;8
7;594;3
7;591;13
7;415;9
7;420;1
7;338;6
7;21;11
7;1071;10
7;325;9
7;264;11
7;329;9
7;713;1
7;1028;15
7;869;1
7;434;12
7;1093;8
7;159;9
7;601;0
7;1099;10
7;1032;12
7;519;0
7;553;0
7;635;15
7;1121;11
7;1021;5
7;966;14
7;1017;3
7;475;1
7;20;13
7;654;12
7;848;3
7;761;8
7;117;8
7;357;6
7;587;8
7;1121;15
7;968;3
7;917;5
7;679;13
7;113;3
7;890;10
7;406;3
7;648;3
7;991;2
7;1063;1
7;783;0
7;964;12
7;1082;9
7;59;13
7;215;14
7;367;0
7;224;11
7;914;1
7;371;14
7;534;11
7;34;0
7;84;4
7;1101;0
7;995;2
7;566;8
7;419;7
7;607;2
7;1092;7
7;299;15
7;1044;8
7;189;13
7;692;12
7;209;13
7;713;0
7;988;11
7;23;14
7;589;1
7;854;5
7;348;7
7;158;5
7;1041;15
7;608;7
7;240;5
7;496;0
7;936;14
7;410;7
7;1018;11
7;182;2
7;1066;12
7;301;8
7;369;8
7;790;14
7;604;11
7;356;12
7;1043;9
7;865;2
7;545;3
7;521;1
7;58;13
7;786;1
7;823;3
7;530;9
7;781;9
7;1008;9
7;926;5
7;731;0
7;399;4
7;956;5
7;389;6
7;732;15
7;223;9
7;673;2
7;924;10
7;526;1
7;602;13
7;523;3
7;1110;13
7;473;8
7;262;9
7;529;1
7;646;0
7;1116;10
7;457;8
7;936;8
7;331;9
7;293;8
7;797;0
7;465;8
7;523;7
7;715;8
7;1008;13
7;56;4
7;131;14
7;632;6
7;565;7
7;1151;14
7;851;1
7;473;4
7;866;13
7;1091;6
7;420;9
7;821;10
7;690;11
7;202;10
7;261;7
7;484;4
7;1135;8
7;454;4
7;824;3
7;1034;5
7;55;0
7;521;11
7;641;5
7;482;4
7;981;15
7;59;15
7;968;0
7;1122;6
7;435;2
7;804;11
7;455;14
7;999;14
7;1096;9
7;975;15
7;141;2
7;151;11
7;407;12
7;624;15
7;276;5
7;149;0
7;1139;12
7;723;2
7;392;4
7;142;1
7;216;14
7;294;11
7;1043;0
7;277;7
7;183;2
7;1019;9
7;318;1
7;833;3
7;885;4
7;56;7
7;360;12
7;571;9
7;982;0
7;939;15
7;683;13
7;731;9
7;1022;7
7;244;3
7;765;7
7;471;12
7;692;4
7;1148;11
7;161;12
7;1020;0
7;750;14
7;352;4
7;31;0
7;141;3
7;1142;3
7;57;0
7;950;10
7;160;12
7;771;10
7;824;13
7;1120;4
7;1044;3
7;673;0
7;176;5
7;179;4
7;12;9
7;438;13
7;1001;13
7;181;4
7;1065;2
8;421;15
8;994;9
8;305;0
8;612;10
8;535;15
8;6;2
8;962;1
8;20;9
8;653;3
8;754;1
8;787;9
8;1;15
8;669;9
8;940;1
8;207;11
8;681;12
8;643;14
8;1132;3
8;309;3
8;953;8
8;1029;1
8;167;9
8;296;2
8;944;2
8;383;5
8;1005;1
8;854;13
8;218;2
8;502;13
8;318;12
8;1038;15
8;945;9
8;321;3
8;1154;2
8;539;5
8;253;9
8;489;10
8;626;6
8;999;14
8;1080;15
8;510;2
8;1145;2
8;384;5
8;566;12
8;431;0
8;49;13
8;531;15
8;223;10
8;697;13
8;50;14
8;860;9
8;799;2
8;1115;4
8;1069;10
8;492;1
8;199;7
8;693;11
8;904;8
8;275;5
8;91;4
8;592;14
8;1032;1
8;774;15
8;329;3
8;311;12
8;1130;8
8;588;1
8;720;13
8;605;11
8;764;0
8;986;15
8;349;7
8;883;12
8;968;5
8;586;4
8;1152;12
8;111;9
8;802;8
8;723;14
8;1056;1
8;711;0
8;1138;15
8;1143;10
8;49;5
8;871;3
8;604;0
8;383;5
8;377;0
8;266;3
8;93;6
8;461;5
8;992;5
8;88;8
8;34;15
8;576;0
8;265;14
8;496;8
8;900;0
8;831;7
8;251;14
8;387;14
8;452;10
8;124;13
8;819;0
8;81;13
8;715;13
8;514;7
8;703;5
8;1098;15
8;612;2
8;576;5
8;253;1
8;538;6
8;772;15
8;470;2
8;3;10
8;37;6
8;682;5
8;800;4
8;719;1
8;639;12
8;1069;7
8;720;11
8;1032;6
8;316;0
8;549;11
8;1105;10
8;56;7
8;202;4
8;12;15
8;788;8
8;94;7
8;546;8
8;891;6
8;89;9
8;1082;11
8;472;9
8;237;9
8;786;3
8;78;3
8;394;8
8;400;13
8;987;4
8;575;2
8;949;14
8;76;12
8;300;15
8;170;8
8;674;3
8;93;1
8;344;5
8;367;2
8;840;6
8;780;8
8;1044;7
8;766;6
8;869;6
8;623;3
8;218;7
8;1014;10
8;858;3
8;951;7
8;858;11
8;320;12
8;728;3
8;569;15
8;255;4
8;776;4
8;79;11
8;1028;10
8;673;7
8;355;10
8;1116;6
8;315;2
8;642;2
8;373;4
8;190;13
8;386;13
8;735;5
8;113;11
8;158;3
8;315;11
8;549;4
8;959;12
8;287;12
8;166;3
8;540;8
8;891;8
8;629;8
8;468;13
8;516;0
8;1050;0
8;685;9
8;393;7
8;900;14
8;938;2
8;386;9
8;939;10
8;91;6
8;493;2
8;176;6
8;302;6
8;702;12
8;1001;5
8;148;6
8;298;2
8;195;1
8;26;7
8;887;11
8;304;5
8;425;4
8;478;15
8;106;7
8;520;0
8;388;13
8;835;14
8;625;3
8;1118;12
8;855;5
8;89;6
8;546;6
8;431;0
8;282;15
8;521;0
8;1085;6
8;808;8
8;111;3
8;126;10
8;559;1
8;25;13
8;1048;10
8;1092;1
8;47;14
8;654;6
8;425;2
8;784;11
8;252;11
8;146;6
8;184;4
8;37;1
8;824;13
8;1078;10
8;758;13
8;257;5
8;434;7
8;5;5
8;293;1
8;621;10
8;806;10
8;798;13
8;551;1
8;748;5
8;260;5
8;97;3
8;963;8
8;812;13
8;431;15
8;319;1
8;604;2
8;452;15
8;428;14
8;232;0
8;7;4
8;816;1
8;436;5
8;512;1
8;1045;11
8;534;0
8;623;5
8;1056;10
8;169;8
8;647;12
8;1132;10
8;957;6
8;482;12
8;969;9
8;352;8
8;989;4
8;852;1
8;560;12
8;1138;5
8;978;7
8;538;4
8;710;14
8;1033;4
8;454;15
8;1034;8
8;951;12
8;638;14
8;125;13
8;213;11
8;1111;9
8;958;15
8;1059;3
8;114;5
8;664;1
8;95;9
8;56;0
8;38;1
8;860;14
8;794;5
8;1142;3
8;670;7
8;1034;4
8;1024;1
8;1035;0
8;547;8
8;975;12
8;562;1
8;1067;2
8;468;14
8;217;12
8;1101;6
8;239;3
8;162;10
8;212;10
8;49;15
8;1069;2
8;288;7
8;153;0
8;641;13
8;858;15
8;1003;0
8;774;0
8;692;5
8;758;3
8;390;15
8;481;6
8;46;2
8;1084;1
8;986;5
8;1030;4
8;206;4
8;325;6
8;1096;4
8;611;8
8;531;10
8;416;3
8;976;10
8;775;14
8;823;10
8;911;3
8;76;4
8;77;11
8;92;14
8;264;7
8;420;14
8;398;2
8;812;4
8;985;6
8;776;12
8;420;12
8;308;9
8;24;15
8;1074;6
8;650;4
8;294;6
8;796;8
8;155;10
8;578;5
8;230;7
8;816;14
8;554;3
8;819;13
8;923;15
8;573;10
8;976;11
8;1129;8
8;292;8
8;2;6
8;925;10
8;9;3
8;449;10
8;324;13
8;1060;14
8;669;1
8;771;8
8;249;5
8;970;14
8;140;11
8;232;13
8;584;13
8;763;2
8;671;14
8;597;13
8;406;10
8;921;5
8;873;11
8;145;10
8;178;3
8;1038;6
8;313;5
8;1145;15
8;783;1
8;434;0
8;511;7
8;743;2
8;959;2
8;1083;3
8;1066;11
8;948;13
8;969;15
8;269;11
8;712;1
8;1073;7
8;212;13
8;902;5
8;1066;8
8;479;10
8;844;11
8;305;4
8;800;4
8;469;1
8;134;9
8;5;7
8;3;5
8;202;10
8;363;3
8;549;10
8;368;7
8;348;9
8;849;4
8;224;14
8;338;11
8;137;14
8;560;8
8;301;12
8;102;15
8;649;8
8;521;1
8;801;3
8;669;4
8;1090;2
8;7;14
8;477;12
8;111;8
8;943;12
8;781;0
8;535;5
8;1080;10
8;47;13
8;597;1
8;836;2
8;1096;4
8;544;4
8;501;3
8;849;6
8;1025;2
8;415;11
8;54;15
8;486;0
8;472;8
8;145;5
8;294;8
8;843;0
8;291;4
8;485;5
8;470;1
8;1152;5
8;478;5
8;984;2
8;243;4
8;647;1
8;992;12
8;975;9
8;528;1
8;588;4
8;565;7
8;1136;14
8;356;3
8;470;12
8;570;8
8;852;13
8;332;8
8;1051;8
8;73;9
8;472;11
8;806;15
8;1008;9
8;92;6
8;594;13
8;244;0
8;88;7
8;788;1
8;680;7
8;567;1
8;912;11
8;407;3
8;688;5
8;942;11
8;783;1
8;26;5
8;849;1
8;464;10
8;480;5
8;922;2
8;1042;13
8;599;7
8;142;13
8;125;3
8;12;2
8;893;1
8;1071;3
8;453;1
8;805;4
8;118;4
8;657;9
8;977;4
8;1088;10
8;1127;8
8;960;14
8;619;15
8;970;5
8;789;0
8;151;6
8;94;9
8;782;10
8;397;8
8;224;5
8;1106;14
8;282;5
8;106;8
8;314;8
8;1071;7
8;758;3
8;763;0
8;802;14
8;649;3
8;965;0
8;68;2
8;920;11
8;1107;3
8;852;11
8;409;7
8;729;8
8;1049;5
8;1079;4
8;644;11
8;224;4
8;794;4
8;162;6
8;1046;10
8;475;12
8;1150;3
8;21;15
8;697;10
8;729;8
8;665;3
8;409;14
8;964;9
8;706;10
8;833;11
8;331;8
8;844;12
8;258;7
8;627;1
8;1041;9
8;439;3
8;976;15
8;426;11
8;869;0
8;976;5
8;1146;6
8;396;12
8;297;11
8;336;10
8;1068;9
8;210;1
8;1001;2
8;485;15
8;604;8
8;169;12
8;913;15
8;508;1
8;574;0
8;342;10
8;482;10
8;449;10
8;355;4
8;544;12
8;1092;10
8;931;11
8;743;7
8;912;0
8;70;8
8;26;2
8;853;12
8;781;11
8;292;5
8;631;1
8;84;10
8;118;6
8;765;15
8;868;7
8;509;6
8;879;11
8;1124;13
8;961;3
8;71;0
8;212;2
8;352;14
8;211;10
8;882;3
8;857;11
8;763;8
8;66;5
8;925;6
8;910;14
8;233;4
8;518;0
8;975;9
8;807;10
8;350;7
8;91;9
8;54;13
8;269;15
8;1029;5
8;333;1
8;1029;13
8;325;9
8;790;10
8;874;12
8;801;2
8;482;9
8;1085;4
8;1023;7
8;391;9
8;152;11
8;92;4
8;412;14
8;356;4
8;313;7
8;555;15
8;97;7
8;96;9
8;1080;11
8;876;3
8;87;4
8;477;15
8;433;15
8;216;8
8;49;14
8;61;12
8;1074;3
8;483;6
8;812;14
8;505;14
8;229;5
8;361;6
8;608;7
8;324;12
8;75;7
8;526;8
8;476;4
8;675;10
8;621;0
8;61;11
8;812;0
8;129;5
8;328;11
8;302;11
8;1133;7
8;617;9
8;8;1
8;866;0
8;764;0
8;5;10
8;1037;13
8;416;9
8;117;4
8;258;3
8;103;15
8;644;11
8;176;7
8;319;2
8;580;4
8;852;3
8;37;6
8;882;4
8;953;8
8;968;9
8;480;6
8;728;7
8;1044;0
8;104;0
8;942;6
8;44;3
9;828;13
9;368;10
9;844;10
9;681;15
9;73;8
9;833;6
9;792;11
9;972;9
9;321;12
9;173;14
9;1048;2
9;328;13
9;310;9
9;823;4
9;309;13
9;950;1
9;1043;4
9;751;7
9;177;5
9;1115;0
9;516;9
9;923;4
9;652;0
9;531;5
9;1058;6
9;215;13
9;973;12
9;567;1
9;694;0
9;284;9
9;489;11
9;507;6
9;278;12
9;709;6
9;672;5
9;280;1
9;1022;0
9;247;14
9;541;13
9;591;11
9;649;14
9;924;13
9;710;13
9;1038;11
9;983;4
9;830;0
9;1056;8
9;749;7
9;138;13
9;842;0
9;1132;3
9;396;14
9;806;11
9;639;15
9;795;6
9;261;6
9;707;7
9;780;6
9;210;6
9;55;2
9;672;12
9;576;13
9;855;1
9;342;1
9;315;13
9;813;8
9;1044;8
9;860;6
9;356;5
9;349;14
9;377;9
9;1027;12
9;789;8
9;780;9
9;452;13
9;467;9
9;897;0
9;726;0
9;20;2
9;1070;10
9;218;0
9;1016;7
9;495;12
9;552;5
9;417;4
9;834;2
9;1113;8
9;906;1
9;111;10
9;937;0
9;191;15
9;84;8
9;1141;2
9;697;4
9;337;1
9;564;11
9;950;13
9;434;2
9;477;4
9;192;13
9;463;3
9;154;0
9;1135;5
9;537;2
9;126;4
9;444;11
9;1064;10
9;220;2
9;501;11
9;993;12
9;1066;1
9;477;1
9;92;4
9;653;12
9;771;2
9;109;14
9;376;1
9;751;5
9;303;10
9;131;13
9;573;1
9;315;6
9;368;0
9;612;9
9;1143;12
9;617;13
9;717;3
9;663;14
9;502;11
9;117;11
9;670;0
9;28;2
9;862;13
9;377;0
9;1033;13
9;160;7
9;640;7
9;982;10
9;586;11
9;17;2
9;673;5
9;348;6
9;988;15
9;90;13
9;756;12
9;1154;4
9;904;4
9;215;8
9;850;5
9;1083;11
9;34;5
9;764;5
9;578;4
9;176;1
9;21;10
9;378;13
9;923;5
9;901;11
9;171;6
9;577;15
9;503;9
9;506;4
9;880;4
9;675;10
9;481;6
9;161;14
9;835;3
9;523;11
9;975;12
9;788;8
9;567;6
9;883;4
9;671;6
9;986;4
9;236;12
9;270;6
9;14;1
9;757;0
9;759;2
9;615;0
9;653;1
9;61;10
9;996;4
9;813;0
9;630;8
9;769;10
9;1137;3
9;550;7
9;368;9
9;512;0
9;1074;6
9;617;7
9;918;8
9;905;10
9;641;7
9;1113;1
9;636;2
9;1098;3
9;1127;14
9;765;9
9;270;15
9;513;15
9;982;4
9;29;2
9;705;5
9;1076;5
9;802;5
9;763;7
9;651;9
9;291;2
9;1138;5
9;489;0
9;529;3
9;36;9
9;284;9
9;499;9
9;1117;12
9;888;7
9;1049;5
9;169;13
9;387;9
9;1020;5
9;1074;2
9;331;2
9;336;13
9;1116;8
9;370;4
9;8;0
9;364;10
9;547;11
9;918;11
9;551;2
9;901;7
9;1107;15
9;887;10
9;165;14
9;791;5
9;1114;11
9;1150;8
9;955;0
9;921;2
9;547;12
9;1090;11
9;210;12
9;167;12
9;235;4
9;174;6
9;920;1
9;780;4
9;321;1
9;831;15
9;106;2
9;1032;4
9;986;2
9;451;12
9;941;9
9;816;15
9;455;13
9;446;4
9;677;2
9;316;13
9;943;4
9;694;0
9;709;14
9;530;5
9;1075;4
9;747;15
9;816;10
9;159;9
9;1025;9
9;693;2
9;724;4
9;325;11
9;752;12
9;1082;5
9;840;13
9;802;11
9;753;7
9;515;8
9;790;6
9;124;11
9;787;12
9;357;13
9;955;11
9;257;11
9;11;12
9;222;10
9;576;12
9;1110;10
9;1035;9
9;652;4
9;738;4
9;308;13
9;5;7
9;800;3
9;390;13
9;120;8
9;1036;8
9;685;4
9;1056;8
9;800;3
9;65;0
9;213;6
9;846;12
9;1017;9
9;175;11
9;83;11
9;413;2
9;368;9
9;795;4
9;33;5
9;363;1
9;720;10
9;864;3
9;466;13
9;108;3
9;185;2
9;1036;14
9;1091;2
9;84;6
9;429;11
9;847;6
9;405;15
9;162;1
9;619;0
9;101;5
9;718;13
9;370;13
9;88;11
9;344;13
9;1050;3
9;627;1
9;258;12
9;582;4
9;1034;12
9;1034;11
9;218;0
9;238;8
9;685;1
9;880;7
9;226;7
9;1120;15
9;866;4
9;991;13
9;623;8
9;1057;8
9;463;1
9;876;7
9;313;6
9;609;2
9;95;15
9;443;4
9;527;10
9;376;4
9;1109;15
9;592;10
9;1009;13
9;999;10
9;828;14
9;1007;13
9;830;5
9;534;4
9;585;6
9;1050;8
9;1020;5
9;486;6
9;367;8
9;1132;6
9;81;0
9;487;10
9;494;7
9;1002;6
9;765;1
9;106;3
9;786;4
9;430;3
9;344;11
9;261;4
9;262;10
9;263;13
9;386;5
9;30;15
9;212;2
9;397;8
9;206;13
9;301;9
9;859;11
9;728;10
9;1016;10
9;1073;15
9;936;5
9;79;4
9;1103;12
9;1056;9
9;397;2
9;684;3
9;587;8
9;237;11
9;722;0
9;1105;13
9;1141;15
9;102;1
9;417;3
9;1107;3
9;1088;4
9;803;7
9;655;13
9;50;3
9;849;13
9;781;10
9;44;15
9;439;2
9;684;14
9;893;12
9;699;12
9;74;8
9;330;12
9;392;5
9;129;3
9;553;15
9;616;2
9;189;2
9;1072;2
9;1103;4
9;1069;1
9;837;4
9;909;0
9;959;0
9;470;0
9;417;2
9;335;14
9;915;4
9;242;3
9;41;10
9;1153;1
9;1039;3
9;644;8
9;513;3
9;905;10
9;1068;0
9;194;0
9;552;4
9;966;0
9;243;3
9;305;13
9;139;10
9;462;14
9;179;13
9;531;1
9;828;3
9;746;9
9;362;11
9;439;14
9;1008;10
9;55;3
9;525;0
9;1069;12
9;657;3
9;676;12
9;938;6
9;35;4
9;1117;12
9;7;10
9;267;5
9;389;9
9;1025;14
9;342;2
9;111;0
9;416;8
9;372;9
9;1085;6
9;730;9
9;871;0
9;170;9
9;445;1
9;753;11
9;41;9
9;433;4
9;247;1
9;91;5
9;141;12
9;558;7
9;409;3
9;265;4
9;814;13
9;309;15
9;2;10
9;1000;7
9;804;7
9;1138;13
9;858;3
9;1061;2
9;157;7
9;577;2
9;162;7
9;539;15
9;1038;10
9;1100;5
9;1041;6
9;569;14
9;312;5
9;976;3
9;477;10
9;781;5
9;1075;4
9;767;11
9;500;4
9;441;14
9;486;12
9;76;10
9;903;1
9;475;6
9;10;7
9;1063;8
9;941;10
9;967;12
9;439;14
9;737;0
9;268;9
9;691;8
9;958;12
9;1057;7
9;799;13
9;267;8
9;531;15
9;807;9
9;243;0
9;983;4
9;845;8
9;350;0
9;397;6
9;22;15
9;250;14
9;1150;6
9;320;14
9;844;2
9;266;10
9;509;15
9;759;6
9;926;5
9;99;5
9;382;7
9;101;7
9;1036;8
9;443;3
9;692;12
9;774;12
9;1016;7
9;509;6
9;207;13
9;275;9
9;682;6
9;302;1
9;136;9
9;592;7
9;989;15
9;53;7
9;840;7
9;491;12
9;411;9
9;92;15
9;377;0
9;346;4
9;587;5
9;1029;5
9;955;15
9;152;15
9;1035;4
9;914;4
9;664;6
9;110;0
9;162;6
9;247;10
9;415;7
9;612;15
9;415;12
9;377;14
9;35;11
9;572;8
9;643;8
9;378;3
9;4;10
9;1048;4
9;546;1
9;474;5
9;110;9
9;1127;10
9;371;5
9;364;10
9;334;14
9;316;3
9;124;11
9;709;10
9;165;12
9;682;2
9;467;14
9;785;1
9;751;9
9;657;13
9;962;5
9;157;10
9;145;4
9;377;0
9;786;7
9;620;14
9;284;14
9;855;1
9;708;12
9;578;14
9;516;2
9;378;9
9;440;15
9;282;7
9;1077;1
9;830;7
9;1092;2
9;191;0
9;153;8
9;358;11
9;927;10
9;458;9
9;48;8
9;699;9
9;366;2
9;1030;1
9;1099;13
9;831;3
9;37;15
9;359;0
9;142;15
9;631;10
9;225;3
9;685;15
9;828;1
9;457;1
9;595;6
9;906;12
9;87;14
9;640;9
9;837;9
9;1021;6
9;680;2
9;516;10
9;912;9
9;735;7
9;1016;14
9;153;8
9;1007;6
9;546;3
9;335;6
9;1006;0
9;1065;11
9;698;0
9;1130;5
9;196;6
9;492;0
9;706;1
9;1045;5
9;645;0
9;266;5
9;427;3
9;117;7
9;741;10
9;313;9
9;849;15
9;190;6
9;795;13
9;56;11
9;161;12
9;1082;2
9;183;4
9;720;15
9;548;14
9;237;5
9;1019;14
9;371;2
9;398;13
9;473;7
9;917;15
9;631;3
9;657;1
9;865;10
9;905;15
9;373;11
9;144;7
9;677;10
9;1116;12
9;79;7
9;188;0
9;706;11
9;862;14
9;408;11
9;266;12
9;329;11
9;1076;9
9;736;4
9;854;12
9;1090;2
9;422;2
9;831;2
9;99;1
9;56;3
9;928;1
9;683;4
9;366;8
9;492;11
9;961;13
9;1090;14
9;630;6
9;792;12
9;282;8
9;638;14
9;1090;10
9;29;14
9;619;13
9;417;13
9;1109;2
9;835;11
9;162;4
9;11;11
9;130;10
9;93;0
9;903;6
9;1096;8
9;352;3
9;374;14
9;749;1
9;752;7
9;366;8
9;95;4
9;799;12
9;1048;8
9;287;2
9;374;7
9;88;14
9;931;12
9;846;3
9;987;4
9;165;8
9;920;9
9;462;6
9;474;3
9;21;12
9;537;9
9;157;4
9;1007;7
9;656;14
9;35;3
9;47;11
9;1054;4
9;502;9
9;939;15
9;40;13
9;635;13
9;629;7
9;804;6
9;228;7
9;111;12
9;1029;7
9;1090;12
9;615;4
9;334;14
9;122;10
9;354;4
9;1121;15
9;454;10
9;601;13
9;871;8
9;1034;15
9;326;6
9;48;11
9;514;1
9;768;4
9;480;8
9;945;13
9;477;15
9;880;7
9;110;6
9;41;1
9;198;9
9;312;11
9;91;3
9;616;0
9;57;6
9;631;15
9;1000;11
9;591;13
9;649;2
9;1119;5
9;204;7
9;630;5
9;187;3
9;917;14
9;146;12
9;804;10
9;327;11
9;83;1
9;100;7
9;1112;8
9;867;14
9;750;10
9;262;9
9;79;11
9;587;3
9;479;13
9;155;14
9;816;8
9;226;8
9;583;11
9;644;13
9;273;9
9;160;15
9;1020;6
9;235;2
9;181;11
9;770;3
9;609;2
9;1152;8
9;867;2
9;956;7
9;94;15
9;245;3
9;1083;3
9;417;13
9;75;5
9;1150;13
9;912;7
9;41;10
9;821;3
9;346;3
9;424;7
9;667;4
9;621;8
9;41;14
9;559;14
9;688;13
9;859;12
9;841;12
9;815;4
9;202;1
9;737;0
9;643;1
9;1064;11
9;549;10
9;158;7
9;269;12
9;1006;10
9;46;0
9;593;5
9;488;10
9;264;12
9;986;10
9;123;11
9;1028;8
9;577;12
9;113;4
9;502;14
9;756;9
9;299;15
9;764;5
9;317;14
9;309;3
9;135;7
9;1141;10
9;227;3
9;1049;12
9;417;10
9;666;12
9;821;3
9;713;12
9;429;4
9;584;6
9;353;9
9;169;7
9;130;11
9;859;2
9;1078;1
9;731;1
9;478;4
9;610;8
9;123;11
9;909;3
9;349;3
9;1085;9
9;143;2
9;600;3
9;30;13
9;812;14
9;522;15
9;71;5
9;57;2
9;230;0
9;573;8
9;987;13
9;125;14
9;973;5
9;767;0
9;620;10
9;863;15
9;30;6
10;726;7
10;1125;7
10;293;15
10;276;10
10;436;14
10;521;1
10;822;6
10;234;10
10;439;8
10;1073;0
10;834;8
10;537;11
10;612;9
10;644;7
10;466;11
10;88;15
10;1120;8
10;415;2
10;502;11
10;751;8
10;222;8
10;949;7
10;878;8
10;654;5
10;385;4
10;857;7
10;592;15
10;893;11
10;210;3
10;593;13
10;958;13
10;814;11
10;891;10
10;83;9
10;466;13
10;85;10
10;237;7
10;287;13
10;325;1
10;754;1
10;665;14
10;861;14
10;1079;8
10;514;9
10;370;12
10;769;14
10;195;14
10;369;5
10;553;7
10;29;4
10;474;7
10;424;11
10;196;14
10;420;8
10;512;10
10;899;10
10;331;6
10;839;0
10;457;2
10;328;7
10;1147;15
10;701;2
10;298;15
10;514;5
10;602;0
10;479;13
10;743;3
10;246;5
10;351;8
10;462;15
10;1010;0
10;719;12
10;898;9
10;112;5
10;225;10
10;1057;14
10;830;12
10;549;13
10;820;1
10;859;1
10;487;1
10;555;0
10;949;3
10;962;11
10;628;8
10;423;5
10;888;3
10;682;0
10;601;5
10;355;11
10;717;7
10;422;0
10;646;5
10;766;3
10;665;9
10;928;8
10;66;5
10;102;13
10;378;2
10;945;9
10;383;14
10;1074;14
10;899;11
10;481;2
10;1077;13
10;174;10
10;769;14
10;755;14
10;334;0
10;600;13
10;63;11
10;595;3
10;669;14
10;392;9
10;579;5
10;219;12
10;580;12
10;257;5
10;274;5
10;732;14
10;318;11
10;1000;8
10;259;10
10;797;5
10;563;11
10;137;11
10;704;1
10;968;7
10;312;15
10;328;1
10;130;1
10;393;7
10;311;15
10;457;6
10;510;5
10;712;5
10;381;1
10;538;7
10;310;15
10;189;15
10;778;9
10;912;11
10;1076;1
10;391;14
10;194;8
10;596;6
10;433;5
10;415;3
10;292;4
10;1082;3
10;43;15
10;633;1
10;460;7
10;494;8
10;725;3
10;566;13
10;830;11
10;849;12
10;637;9
10;645;10
10;1052;14
10;1012;4
10;379;9
10;351;3
10;991;10
10;945;11
10;26;9
10;413;14
10;819;14
10;718;15
10;138;5
10;312;9
10;259;15
10;1035;5
10;277;1
10;722;13
10;144;1
10;643;8
10;359;6
10;878;5
10;182;14
10;78;10
10;131;6
10;372;5
10;6;2
10;214;15
10;678;4
10;100;2
10;1067;6
10;801;4
10;16;15
10;651;6
10;421;3
10;519;8
10;755;11
10;468;11
10;168;13
10;695;15
10;371;6
10;202;8
10;348;11
10;674;14
10;994;1
10;702;9
10;240;3
10;928;11
10;1031;11
10;104;3
10;31;6
10;541;11
10;809;13
10;412;13
10;982;1
10;842;9
10;1096;13
10;839;5
10;824;7
10;1075;2
10;540;13
10;466;7
10;448;11
10;313;1
10;352;3
10;530;12
10;701;3
10;543;14
10;1055;7
10;148;3
10;656;0
10;1070;15
10;665;10
10;684;6
10;880;6
10;634;6
10;490;15
10;1097;10
10;482;14
10;429;3
10;150;0
10;50;4
10;105;13
10;318;7
10;161;5
10;759;2
10;909;9
10;95;8
10;577;14
10;609;8
10;843;8
10;737;12
10;833;13
10;27;5
10;711;3
10;541;6
10;1142;13
10;699;0
10;1099;12
10;734;0
10;567;15
10;427;7
10;940;2
10;546;4
10;671;15
10;772;5
10;452;9
10;287;1
10;1136;6
10;958;10
10;902;14
10;819;2
10;852;9
10;1007;4
10;112;9
10;891;8
10;1110;11
10;929;5
10;230;11
10;273;13
10;1026;13
10;192;9
10;196;6
10;855;4
10;610;12
10;742;2
10;630;8
10;701;15
10;339;5
10;1082;13
10;154;2
10;776;7
10;746;15
10;684;5
10;915;5
10;417;11
10;1027;4
10;209;1
10;76;13
10;496;13
10;993;11
10;313;2
10;22;9
10;932;6
10;192;7
10;902;0
10;423;2
10;287;11
10;42;13
10;965;14
10;722;3
10;114;6
10;232;4
10;251;2
10;705;1
10;350;10
10;462;8
10;202;12
10;387;12
10;273;8
10;822;10
10;1116;2
10;1087;2
10;1059;6
10;591;12
10;995;0
10;543;12
10;1017;12
10;551;6
10;344;8
10;676;10
10;763;6
10;990;13
10;189;9
10;333;14
10;1081;8
10;863;1
10;380;15
10;749;6
10;246;15
10;246;3
10;220;11
10;509;6
10;371;15
10;804;1
10;884;10
10;689;0
10;238;8
10;697;3
10;687;1
10;317;12
10;699;12
10;381;1
10;1092;9
10;757;6
10;289;10
10;204;9
10;583;6
10;872;9
10;1105;7
10;218;15
10;155;1
10;652;4
10;119;10
10;617;0
10;887;9
10;703;5
10;883;4
10;125;3
10;934;4
10;369;5
10;116;13
10;542;4
10;194;15
10;863;11
10;35;13
10;999;11
10;731;12
10;775;10
10;633;10
10;686;7
10;389;15
10;802;14
10;1076;14
10;677;14
10;202;10
10;870;8
10;539;13
10;886;8
10;642;12
10;331;6
10;1120;9
10;1082;5
10;118;0
10;231;2
10;565;15
10;93;0
10;879;7
10;578;10
10;1068;7
10;281;8
10;123;11
10;168;10
10;896;11
10;921;5
10;1134;2
10;1034;2
10;265;13
10;627;6
10;405;10
10;1084;2
10;231;12
10;437;4
10;1144;13
10;353;2
10;843;0
10;553;13
10;939;3
10;987;4
10;286;7
10;956;6
10;1043;7
10;21;9
10;181;4
10;1015;7
10;956;12
10;575;3
10;818;5
10;4;8
10;802;8
10;833;7
10;290;14
10;50;13
10;0;14
10;876;0
10;968;0
10;157;0
10;846;13
10;280;5
10;667;2
10;39;15
10;703;5
10;217;11
10;687;14
10;47;2
10;854;9
10;952;0
10;733;8
10;61;7
10;1077;15
10;615;2
10;1034;5
10;584;2
10;559;13
10;319;0
10;118;3
10;519;1
10;1;5
10;622;13
10;1113;12
10;794;0
10;30;9
10;54;9
10;559;14
10;951;13
10;402;4
10;160;5
10;351;15
10;360;10
10;1093;15
10;332;9
10;882;13
10;801;9
10;40;13
10;463;13
10;391;1
10;388;1
10;1092;14
10;356;11
10;250;1
10;245;12
10;651;8
10;502;3
10;530;4
10;1071;12
10;443;10
10;431;6
10;384;8
10;335;1
10;634;8
10;68;8
10;835;5
10;265;14
10;25;1
10;136;11
10;927;3
10;250;1
10;943;13
10;51;13
10;14;1
10;165;2
10;126;2
10;175;3
10;710;3
10;941;2
10;123;5
10;915;15
10;966;12
10;974;4
10;659;13
10;691;14
10;1063;7
10;11;4
10;1062;0
10;478;2
10;906;0
10;39;14
10;788;3
10;428;0
10;712;3
10;120;14
10;997;4
10;542;8
10;925;12
10;530;15
10;226;11
10;495;15
10;514;3
10;466;13
10;259;3
10;198;5
10;868;3
10;354;9
10;977;13
10;138;10
10;875;7
10;563;12
10;464;10
10;549;7
10;289;13
10;19;10
10;458;12
10;1006;15
10;338;6
10;922;3
10;443;10
10;352;2
10;648;10
10;589;2
10;155;12
10;32;13
10;629;9
10;157;0
10;190;6
10;708;10
10;893;10
10;38;3
10;999;10
10;340;4
10;921;15
10;293;4
10;346;1
10;473;15
10;88;14
10;291;2
10;958;6
10;326;3
10;386;10
10;1073;11
10;558;6
10;181;5
10;913;4
10;250;12
10;463;5
10;474;12
10;621;10
10;157;15
10;1127;6
10;1128;3
10;533;11
10;277;12
10;823;7
10;1023;11
10;913;9
10;696;10
10;682;6
10;1106;1
10;131;12
10;540;6
10;251;12
10;644;10
10;532;10
10;370;4
10;1064;13
10;617;4
10;249;13
10;376;3
10;527;14
10;455;1
10;350;10
10;604;15
10;304;7
10;709;5
10;371;0
10;1109;12
10;860;15
10;157;6
10;959;8
10;839;6
10;209;8
10;557;13
10;1010;9
10;1024;4
10;846;15
10;261;8
10;726;7
10;549;9
10;41;2
10;340;15
10;455;1
10;1081;14
10;1137;2
10;819;11
10;18;3
10;335;6
10;515;3
10;106;5
10;129;9
10;815;12
10;1005;2
10;15;1
10;435;8
10;1048;9
10;141;8
10;66;11
10;214;8
10;464;12
10;191;2
10;719;8
10;197;11
10;387;15
10;147;10
10;433;12
10;632;4
10;498;9
10;343;15
10;902;3
10;195;4
10;1017;10
10;480;14
10;541;14
10;281;8
10;790;8
10;301;7
10;45;9
10;1107;14
10;747;14
10;793;2
10;594;7
10;980;6
10;970;9
10;704;6
10;1078;15
10;804;2
10;944;15
10;1134;1
10;983;1
10;444;3
10;851;11
10;1085;11
10;645;1
10;759;5
10;366;9
10;102;10
10;129;15
10;676;0
10;962;4
10;472;2
10;132;3
10;124;12
10;327;8
10;1132;3
10;251;3
10;968;6
10;587;11
10;695;15
10;190;6
10;158;10
10;200;6
10;69;11
10;145;7
10;251;2
10;157;1
10;125;11
10;92;4
10;68;9
10;860;14
10;438;4
10;827;15
10;797;4
10;199;9
10;161;0
10;1088;13
10;177;10
10;9;14
10;6;4
10;389;8
10;1041;15
10;138;4
10;871;15
10;358;4
10;75;4
10;176;15
10;489;3
10;1069;2
10;576;7
10;382;12
10;1142;3
10;967;2
10;1090;4
10;136;12
10;313;3
10;833;6
10;469;6
10;355;14
10;1105;8
10;642;0
10;271;13
10;764;7
10;999;5
10;659;2
10;866;14
10;202;1
10;490;6
10;956;14
10;701;1
10;831;6
10;754;1
10;70;10
10;110;14
10;174;1
10;288;1
10;940;3
10;159;11
10;1099;8
10;357;5
10;709;2
10;885;7
10;1040;13
10;389;9
10;472;2
10;362;10
10;1055;15
10;652;9
10;1047;10
10;485;14
10;784;10
10;449;8
10;296;2
10;351;3
10;938;3
10;771;11
10;632;15
10;154;12
10;625;1
10;14;8
10;610;6
10;260;14
10;865;1
10;566;13
10;151;1
10;1041;5
10;150;2
10;693;14
10;307;3
10;341;13
10;293;10
10;925;7
10;314;12
10;241;14
10;1101;8
10;928;6
10;376;3
10;358;5
10;610;10
10;1109;14
10;543;1
10;869;4
10;257;14
10;950;7
10;668;9
10;918;12
10;974;13
10;471;12
10;46;2
10;383;9
10;540;7
10;793;11
10;766;4
10;817;13
10;159;14
10;849;13
10;627;10
10;904;0
10;811;4
10;463;3
10;277;2
10;135;1
10;840;14
10;764;13
10;197;7
10;228;10
10;317;4
10;594;10
10;28;1
10;266;13
10;655;3
10;580;1
10;303;5
10;647;13
10;272;12
10;628;5
10;98;3
10;1027;5
10;360;0
10;842;2
10;311;7
10;926;3
10;320;4
10;674;11
10;1016;6
10;71;11
10;436;1
10;618;7
10;567;9
10;1034;2
10;789;4
10;769;11
10;21;11
10;538;13
10;54;5
10;789;13
10;778;11
10;311;8
10;982;2
10;573;9
10;821;14
10;48;9
10;135;7
10;496;14
10;933;8
10;384;1
10;198;12
10;459;14
10;325;2
10;828;14
10;695;14
10;85;13
10;187;15
10;279;12
10;988;10
10;524;0
10;804;15
10;821;15
10;75;13
10;919;4
10;730;0
10;16;4
10;286;2
10;1055;13
10;610;0
10;953;8
10;239;9
10;855;8
10;635;15
10;361;1
10;496;9
10;185;12
10;499;8
10;376;6
10;703;10
10;911;6
10;352;1
10;292;3
10;696;11
10;185;13
10;1114;4
10;931;9
10;352;15
10;795;12
10;72;11
10;237;10
10;1051;2
10;60;4
10;1028;8
10;29;6
10;535;0
10;232;9
10;513;9
10;894;14
10;189;7
10;710;0
11;572;14
11;1031;4
11;635;10
11;459;8
11;727;6
11;368;14
11;979;10
11;155;4
11;516;12
11;920;12
11;124;6
11;253;4
11;91;3
11;1010;14
11;370;1
11;679;7
11;503;7
11;9;6
11;946;3
11;916;2
11;1003;12
11;970;9
11;808;5
11;379;12
11;999;12
11;6;12
11;325;8
11;195;6
11;255;7
11;1016;9
11;725;8
11;512;2
11;253;15
11;624;15
11;528;1
11;428;7
11;757;1
11;867;14
11;526;7
11;234;1
11;101;2
11;242;14
11;1126;15
11;1132;10
11;857;6
11;964;14
11;518;5
11;587;3
11;368;3
11;1143;3
11;844;6
11;644;5
11;819;2
11;246;4
11;1120;12
11;1046;13
11;788;6
11;1133;1
11;867;0
11;841;5
11;149;10
11;384;7
11;697;11
11;90;10
11;1134;1
11;538;0
11;463;10
11;1073;11
11;1061;7
11;997;12
11;34;10
11;975;3
11;836;12
11;691;11
11;757;6
11;661;0
11;533;10
11;957;13
11;612;15
11;643;0
11;357;11
11;1151;5
11;458;11
11;1144;12
11;750;13
11;508;4
11;20;12
11;59;1
11;182;11
11;868;4
11;897;12
11;436;5
11;888;5
11;1098;4
11;91;3
11;264;11
11;206;6
11;585;14
11;1117;5
11;200;0
11;1122;3
11;339;10
11;603;6
11;383;0
11;678;10
11;437;8
11;451;13
11;723;0
11;83;12
11;197;1
11;625;0
11;239;4
11;261;7
11;20;15
11;280;10
11;689;7
11;777;7
11;887;6
11;913;3
11;126;7
11;367;10
11;707;11
11;158;10
11;657;10
11;676;0
11;918;10
11;1068;14
11;707;6
11;30;6
11;614;11
11;117;13
11;817;7
11;162;9
11;843;5
11;671;4
11;527;13
11;474;1
11;208;7
11;929;11
11;787;8
11;168;13
11;169;2
11;46;5
11;379;0
11;1132;3
11;374;4
11;918;12
11;1153;15
11;118;8
11;1102;15
11;359;10
11;1051;6
11;280;8
11;589;11
11;323;7
11;352;5
11;607;14
11;1002;10
11;1001;7
11;437;14
11;545;4
11;107;2
11;225;15
11;878;4
11;125;11
11;391;2
11;894;4
11;273;8
11;210;15
11;387;0
11;228;10
11;449;6
11;577;3
11;615;3
11;772;0
11;670;6
11;870;12
11;990;8
11;891;4
11;1005;4
11;996;2
11;217;10
11;619;9
11;1015;14
11;1082;11
11;1091;14
11;75;2
11;62;1
11;597;4
11;806;11
11;592;12
11;564;1
11;342;8
11;788;10
11;38;14
11;735;2
11;751;6
11;552;0
11;582;1
11;659;2
11;953;7
11;796;13
11;421;1
11;834;15
11;658;0
11;748;14
11;124;2
11;970;5
11;82;14
11;831;6
11;861;9
11;303;9
11;991;14
11;361;15
11;388;2
11;669;4
11;1111;14
11;381;12
11;209;2
11;78;10
11;380;8
11;16;1
11;738;15
11;967;5
11;926;7
11;1118;7
11;410;8
11;153;6
11;68;10
11;400;11
11;137;10
11;986;7
11;848;7
11;880;13
11;936;8
11;214;5
11;136;4
11;601;10
11;277;2
11;1;12
11;399;2
11;888;9
11;85;2
11;224;14
11;454;7
11;331;1
11;226;11
11;252;3
11;528;12
11;403;7
11;596;4
11;702;6
11;418;9
11;20;14
11;1123;11
11;691;6
11;345;5
11;465;11
11;442;14
11;968;14
11;923;2
11;198;8
11;670;1
11;2;9
11;844;8
11;188;0
11;695;3
11;790;6
11;457;9
11;696;4
11;773;14
11;366;4
11;887;12
11;996;6
11;1018;6
11;182;12
11;1153;0
11;49;6
11;583;3
11;1107;4
11;612;2
11;724;1
11;243;6
11;348;5
11;38;6
11;782;6
11;182;13
11;314;4
11;1050;3
11;132;7
11;134;2
11;251;2
11;1018;1
11;837;7
11;1143;10
11;544;6
11;256;8
11;591;10
11;903;15
11;866;0
11;433;7
11;308;12
11;762;9
11;469;0
11;107;13
11;538;4
11;28;10
11;1010;4
11;259;2
11;893;15
11;1041;8
11;200;3
11;703;10
11;723;10
11;266;10
11;692;5
11;349;0
11;1044;12
11;954;4
11;254;4
11;985;2
11;1124;7
11;274;13
11;839;11
11;36;2
11;315;11
11;627;0
11;1135;15
11;770;8
11;112;14
11;783;5
11;25;0
11;426;2
11;1113;15
11;323;4
11;440;3
11;661;2
11;1125;9
11;1067;12
11;1015;5
11;494;15
11;428;14
11;199;4
11;617;4
11;547;0
11;254;10
11;881;1
11;637;6
11;869;12
11;685;4
11;1120;1
11;983;8
11;994;12
11;453;9
11;1150;2
11;763;9
11;244;12
11;1149;14
11;844;0
11;19;15
11;218;1
11;717;7
11;12;6
11;1151;9
11;840;7
11;524;0
11;861;12
11;743;15
11;412;4
11;412;15
11;120;0
11;781;1
11;299;13
11;749;11
11;956;3
11;262;2
11;551;8
11;840;7
11;560;6
11;742;15
11;395;10
11;600;10
11;675;0
11;857;14
11;798;11
11;323;6
11;749;13
11;679;6
11;1111;9
11;856;12
11;1065;9
11;1039;6
11;919;5
11;1125;11
11;116;5
11;1078;14
11;968;10
11;1067;4
11;692;9
11;270;4
11;525;13
11;125;15
11;126;7
11;118;2
11;47;2
11;504;2
11;27;15
11;467;9
11;588;1
11;153;1
11;1110;3
11;109;1
11;372;7
11;1063;14
11;158;12
11;983;3
11;1007;3
11;531;6
11;271;2
11;661;11
11;1124;15
11;989;11
11;962;0
11;138;7
11;239;0
11;671;4
11;75;1
11;116;1
11;63;10
11;629;10
11;109;10
11;1050;7
11;1146;0
11;479;10
11;974;14
11;342;9
11;561;3
11;515;9
11;1109;0
11;758;12
11;377;9
11;727;6
11;766;2
11;819;13
11;1059;0
11;456;3
11;533;11
11;666;11
11;503;1
11;492;13
11;593;5
11;1101;9
11;449;1
11;304;8
11;482;14
11;173;6
11;1027;9
11;1040;2
11;1029;3
11;281;0
11;895;2
11;602;6
11;671;14
11;168;13
11;234;0
11;715;2
11;259;5
11;721;1
11;44;13
11;423;12
11;373;2
11;1080;3
11;989;6
11;730;10
11;79;11
11;324;12
11;452;10
11;1076;12
11;387;4
11;524;3
11;498;12
11;788;6
11;374;9
11;582;5
11;925;5
11;583;4
11;207;6
11;62;11
11;729;3
11;262;10
11;361;10
11;331;8
11;45;15
11;250;3
11;131;10
11;1150;1
11;183;6
11;926;9
11;936;9
11;1054;10
11;243;11
11;147;5
11;921;7
11;110;11
11;786;3
11;430;1
11;200;12
11;1073;12
11;521;5
11;385;7
11;1080;3
11;477;1
11;303;6
11;1099;14
11;865;10
11;141;14
11;743;15
11;155;0
11;497;13
11;386;2
11;855;7
11;1077;12
11;984;4
11;954;7
11;33;0
11;615;13
11;135;10
11;867;13
11;982;0
11;379;5
11;133;14
11;199;7
11;635;8
11;332;1
11;515;10
11;621;7
11;979;11
11;50;5
11;649;13
11;305;14
11;629;9
11;972;5
11;317;12
11;19;8
11;1018;7
11;604;1
11;528;10
11;265;10
11;1117;9
11;54;7
11;501;13
11;608;6
11;803;4
11;1139;0
11;756;7
11;513;2
11;265;4
11;308;10
11;228;7
11;818;1
11;545;11
11;538;4
11;467;12
11;887;12
11;134;2
11;38;0
11;276;10
11;309;15
11;666;13
11;297;13
11;918;1
11;263;9
11;724;0
11;863;5
11;543;4
11;6;12
11;916;15
11;569;15
11;184;15
11;896;9
11;616;12
11;414;11
11;466;5
11;412;11
11;205;1
11;16;11
11;199;8
11;214;5
11;199;5
11;698;1
11;1110;13
11;57;6
11;991;12
11;682;3
11;658;11
11;742;12
11;27;9
11;462;4
11;384;2
11;778;11
11;772;4
11;963;8
11;917;5
11;856;0
11;747;14
11;153;3
11;585;12
11;304;11
11;286;0
11;633;10
11;790;11
11;1013;15
11;1038;15
11;906;4
11;602;2
11;910;0
11;1099;5
11;385;3
11;699;15
11;1123;5
11;686;9
11;984;0
11;815;4
11;968;14
11;124;5
11;151;10
11;15;15
11;874;1
11;1098;0
11;646;8
11;559;13
11;422;3
11;814;8
11;97;2
11;64;11
11;8;15
11;475;5
11;414;6
11;526;5
11;319;11
11;140;9
11;857;3
11;906;0
11;887;6
11;1151;6
11;111;5
11;872;5
11;646;1
11;134;2
11;338;5
11;512;15
11;423;5
11;764;12
11;911;9
11;230;13
11;187;14
11;1134;0
11;1051;15
11;879;3
11;1029;10
11;691;4
11;1150;15
11;404;13
11;177;13
11;650;4
11;856;2
11;750;5
11;1018;12
11;403;15
11;759;1
11;657;4
11;409;9
11;3;4
11;720;13
11;533;7
11;1032;9
11;179;1
11;1103;1
11;897;10
11;1059;3
11;710;7
11;300;4
11;966;12
11;285;5
11;287;13
11;118;13
11;908;10
11;374;0
11;728;7
11;230;7
11;594;9
11;509;10
11;1145;15
11;39;10
11;491;13
11;623;7
11;1137;0
11;428;14
11;382;9
11;208;8
11;420;13
11;447;15
11;728;0
11;231;8
11;165;2
11;1101;2
11;913;11
11;363;11
11;1101;15
11;650;1
11;437;6
11;788;8
11;297;12
11;131;13
11;91;8
11;65;4
11;787;12
11;950;2
11;72;8
11;158;8
11;545;12
11;470;9
11;761;2
11;544;14
11;342;1
11;809;11
11;458;1
11;311;1
11;462;2
11;981;13
11;591;13
11;99;0
11;776;6
11;117;9
11;993;14
11;966;6
11;91;15
11;71;5
11;975;14
11;582;12
11;53;8
11;759;15
11;89;6
11;979;0
11;949;14
11;598;3
11;403;2
11;80;12
11;463;7
11;937;15
11;436;9
11;838;15
11;711;3
11;701;10
11;373;11
11;158;8
11;575;12
11;970;6
11;746;11
11;312;1
11;78;13
11;74;4
11;53;3
11;749;7
11;490;2
11;823;7
11;513;8
11;592;12
11;225;4
11;748;11
11;1068;11
11;758;13
11;399;8
11;89;12
11;487;9
11;592;11
11;1114;15
11;729;6
11;242;0
11;949;4
11;231;3
11;978;15
11;160;3
11;1046;11
11;318;9
11;200;12
11;133;4
11;450;14
11;1000;3
11;926;4
11;465;12
11;563;5
11;793;7
11;305;10
11;244;12
11;174;15
11;261;13
11;903;5
11;176;8
11;1011;11
11;131;0
11;186;13
11;823;11
11;972;14
11;504;0
11;378;6
11;1079;0
11;143;11
11;549;5
11;745;12
11;303;12
11;420;9
11;367;2
11;340;15
11;1077;7
11;16;3
11;734;10
11;655;13
11;460;10
11;1047;10
11;74;1
11;495;14
11;833;13
11;1147;10
11;541;12
11;936;6
11;376;12
11;587;6
11;609;6
11;712;9
11;730;2
11;518;5
11;450;13
11;1138;1
11;1103;12
11;506;14
11;1136;9
11;43;15
11;358;9
11;496;11
11;875;9
11;380;12
11;399;9
11;1134;9
11;784;1
11;917;14
11;126;14
11;757;3
11;577;3
11;676;3
11;533;14
11;141;11
11;334;6
11;410;0
11;795;4
11;1057;15
11;616;15
11;108;2
11;619;0
11;1092;0
11;23;0
11;493;3
11;851;10
11;118;7
11;865;7
11;720;13
11;1101;14
11;64;14
11;76;10
11;84;14
11;136;11
11;138;10
11;1050;12
11;411;7
11;199;2
11;910;8
11;827;1
11;872;0
11;502;7
11;405;1
11;772;10
11;577;2
11;307;14
11;918;15
11;569;10
11;968;12
11;656;15
11;745;6
11;597;14
11;1102;11
11;580;10
11;672;11
11;164;9
11;631;4
11;165;6
11;425;5
11;717;4
11;17;9
11;831;4
11;424;14
12;939;10
12;480;3
12;1035;2
12;1066;4
12;229;8
12;105;5
12;1090;7
12;528;7
12;350;6
12;17;1
12;799;5
12;511;1
12;325;10
12;441;3
12;358;5
12;277;2
12;459;14
12;433;11
12;1149;0
12;16;9
12;637;4
12;1058;8
12;1042;2
12;671;5
12;159;10
12;1014;5
12;612;13
12;358;0
12;467;15
12;579;10
12;913;8
12;1112;3
12;540;7
12;310;13
12;967;6
12;721;12
12;185;11
12;619;3
12;586;3
12;1003;9
12;708;10
12;938;5
12;481;14
12;1085;5
12;87;7
12;633;8
12;57;14
12;241;14
12;79;9
12;768;11
12;671;3
12;905;1
12;254;8
12;333;4
12;779;5
12;197;8
12;561;0
12;3;14
12;216;6
12;964;3
12;893;2
12;257;0
12;841;1
12;610;11
12;172;10
12;118;11
12;921;13
12;485;11
12;902;14
12;65;8
12;787;14
12;58;12
12;541;5
12;661;12
12;393;8
12;781;0
12;225;3
12;296;12
12;1010;3
12;379;3
12;813;10
12;433;2
12;413;6
12;523;10
12;264;0
12;568;12
12;162;8
12;963;3
12;512;2
12;620;8
12;323;5
12;1080;5
12;882;2
12;25;14
12;888;13
12;924;13
12;492;9
12;992;0
12;638;1
12;657;11
12;99;2
12;532;0
12;348;9
12;168;9
12;1013;13
12;644;4
12;348;11
12;800;13
12;370;9
12;127;6
12;1022;14
12;531;4
12;779;3
12;1055;7
12;1006;8
12;1047;14
12;854;2
12;846;1
12;663;7
12;612;6
12;1020;5
12;94;13
12;226;2
12;477;0
12;620;9
12;111;4
12;177;5
12;348;12
12;648;10
12;1057;4
12;455;8
12;30;14
12;109;9
12;188;15
12;819;10
12;981;12
12;897;11
12;179;15
12;43;1
12;1098;5
12;242;3
12;884;7
12;1031;6
12;510;9
12;793;9
12;716;5
12;485;3
12;971;12
12;1003;0
12;224;6
12;978;8
12;1090;4
12;1145;11
12;1064;14
12;618;12
12;775;10
12;53;9
12;925;7
12;808;8
12;75;5
12;808;4
12;119;3
12;984;2
12;735;13
12;717;10
12;385;7
12;348;4
12;271;14
12;614;1
12;1137;0
12;161;4
12;1026;12
12;257;1
12;842;10
12;787;9
12;768;4
12;822;6
12;446;3
12;168;1
12;5;9
12;120;1
12;602;7
12;351;15
12;214;14
12;493;13
12;905;2
12;1012;10
12;761;6
12;271;13
12;1118;0
12;207;13
12;887;9
12;282;12
12;823;4
12;34;12
12;343;9
12;1151;6
12;294;12
12;17;15
12;897;10
12;867;7
12;462;15
12;182;14
12;979;4
12;87;15
12;555;9
12;292;12
12;548;0
12;820;4
12;919;14
12;725;3
12;33;9
12;486;12
12;810;8
12;864;10
12;721;6
12;174;8
12;585;10
12;649;12
12;1145;7
12;590;11
12;290;12
12;553;2
12;590;14
12;1138;9
12;858;6
12;708;7
12;655;2
12;16;14
12;341;3
12;17;5
12;952;15
12;562;10
12;831;14
12;477;8
12;456;1
12;31;15
12;621;15
12;828;1
12;1033;14
12;332;14
12;1056;2
12;859;0
12;340;4
12;561;8
12;879;6
12;145;5
12;575;0
12;1154;10
12;888;7
12;885;13
12;513;2
12;605;1
12;846;0
12;557;2
12;82;1
12;251;9
12;842;9
12;149;4
12;437;11
12;168;4
12;1132;14
12;605;9
12;10;2
12;137;14
12;158;6
12;1074;5
12;717;4
12;150;11
12;297;3
12;1058;4
12;1027;6
12;19;10
12;853;13
12;305;8
12;873;11
12;937;13
12;70;12
12;603;3
12;314;0
12;311;11
12;866;4
12;133;7
12;1086;3
12;411;0
12;993;12
12;526;6
12;453;1
12;903;13
12;763;0
12;691;2
12;374;10
12;482;1
12;274;0
12;858;12
12;1135;10
12;271;8
12;621;15
12;280;1
12;329;0
12;27;10
12;1049;10
12;416;1
12;970;5
12;438;13
12;1023;7
12;921;1
12;450;13
12;144;0
12;632;3
12;160;9
12;959;15
12;599;2
12;662;13
12;1007;9
12;233;1
12;394;11
12;971;1
12;501;14
12;869;6
12;666;8
12;613;3
12;148;12
12;925;13
12;358;8
12;388;8
12;390;1
12;218;3
12;927;11
12;893;11
12;246;2
12;472;5
12;602;9
12;316;11
12;687;11
12;537;4
12;1074;10
12;757;1
12;1148;9
12;11;11
12;655;1
12;295;3
12;19;5
12;686;6
12;60;12
12;360;4
12;503;1
12;798;14
12;1147;2
12;100;2
12;672;4
12;923;1
12;893;6
12;236;6
12;817;2
12;311;7
12;1010;10
12;354;14
12;234;0
12;196;8
12;460;7
12;468;2
12;1047;11
12;1023;5
12;897;1
12;1062;15
12;972;9
12;1085;1
12;688;8
12;924;8
12;563;5
12;88;5
12;483;11
12;631;14
12;638;6
12;1022;2
12;615;8
12;890;7
12;950;7
12;94;11
12;532;4
12;367;10
12;56;3
12;300;12
12;111;10
12;766;1
12;215;11
12;36;3
12;583;3
12;1081;1
12;576;0
12;699;10
12;37;9
12;938;4
12;21;10
12;1136;5
12;124;0
12;1097;5
12;212;0
12;831;4
12;207;11
12;799;5
12;1025;12
12;968;5
12;756;7
12;223;4
12;526;11
12;521;2
12;532;8
12;482;2
12;594;8
12;471;1
12;1070;6
12;956;11
12;649;0
12;575;3
12;415;8
12;355;14
12;113;2
12;793;13
12;90;9
12;1097;6
12;272;3
12;320;9
12;440;4
12;993;5
12;1066;8
12;376;7
12;331;2
12;19;8
12;706;15
12;467;7
12;621;0
12;676;13
12;161;5
12;772;15
12;200;8
12;633;7
12;401;1
12;281;13
12;651;3
12;583;11
12;1032;15
12;155;12
12;691;8
12;750;1
12;943;10
12;954;9
12;570;11
12;651;11
12;1128;10
12;1054;5
12;1120;13
12;247;15
12;942;5
12;155;8
12;352;8
12;80;5
12;854;7
12;393;14
12;625;1
12;502;6
12;545;8
12;322;15
12;548;15
12;112;5
12;1085;7
12;1051;13
12;814;5
12;406;12
12;624;9
12;338;1
12;498;15
12;246;9
12;457;2
12;723;3
12;1043;5
12;782;15
12;534;5
12;750;13
12;496;6
12;874;9
12;499;9
12;1023;4
12;934;7
12;1071;9
12;156;7
12;1024;14
12;185;3
12;586;11
12;30;10
12;976;11
12;535;5
12;712;12
12;11;2
12;581;6
12;726;3
12;156;14
12;1127;1
12;332;13
12;91;8
12;717;12
12;1045;15
12;1121;4
12;146;11
12;1120;7
12;258;14
12;427;14
12;668;6
12;622;7
12;809;15
12;1081;7
12;663;6
12;1086;2
12;837;15
12;958;4
12;554;2
12;1010;12
12;330;10
12;836;8
12;19;10
12;1011;15
12;321;2
12;458;5
12;518;15
12;853;9
12;467;5
12;868;6
12;196;3
12;267;13
12;1098;4
12;929;9
12;968;4
12;577;4
12;390;5
12;20;3
12;220;4
12;923;12
12;1063;4
12;345;6
12;923;12
12;599;15
12;420;3
12;965;14
12;204;14
12;187;5
12;1070;7
12;250;6
12;1014;11
12;326;1
12;131;1
12;409;8
12;461;9
12;914;3
12;907;5
12;667;5
12;955;7
12;301;2
12;40;13
12;1023;9
12;633;0
12;857;9
12;570;4
12;674;3
12;1064;14
12;826;4
12;869;12
12;1071;8
12;624;8
12;169;9
12;462;6
12;933;12
12;673;13
12;364;13
12;535;2
12;267;11
12;65;10
12;1058;0
12;1099;2
12;1117;7
12;522;9
12;1062;13
12;235;10
12;972;5
12;195;14
12;183;1
12;878;13
12;191;15
12;190;3
12;913;11
12;799;5
12;57;11
12;441;15
12;814;10
12;789;10
12;644;14
12;95;11
12;817;10
12;736;6
12;721;9
12;105;10
12;805;9
12;841;8
12;852;3
12;1130;11
12;1055;8
12;547;1
12;642;1
12;884;7
12;262;0
12;449;3
12;527;10
12;925;11
12;29;8
12;814;2
12;483;12
12;326;15
12;943;15
12;346;0
12;86;8
12;651;1
12;237;13
12;755;2
12;355;1
12;385;1
12;907;8
12;460;2
12;682;7
12;74;13
12;484;4
12;745;14
12;397;7
12;253;12
12;166;12
12;1045;13
12;756;0
12;672;4
12;653;1
12;611;3
12;92;14
12;638;14
12;230;15
12;302;1
12;346;7
12;964;11
12;488;15
12;119;9
12;1028;5
12;686;11
12;821;3
12;878;0
12;940;15
12;343;8
12;339;4
12;298;6
12;384;15
12;963;13
12;527;2
12;476;6
12;1147;11
12;306;6
12;365;6
12;618;3
12;343;9
12;397;14
12;833;14
12;550;13
12;660;5
12;354;1
12;380;8
12;1051;9
12;303;2
12;651;2
12;238;0
12;216;1
12;301;1
12;952;9
12;972;7
12;1082;8
12;150;5
12;1098;12
12;370;0
12;935;11
12;1074;13
12;478;10
12;36;3
12;207;0
12;1011;6
12;511;6
12;651;1
12;197;9
12;88;2
12;935;0
12;35;1
12;174;8
12;541;10
12;1150;15
12;1120;11
12;340;6
12;121;13
12;505;0
12;287;14
12;432;6
12;383;2
12;449;5
12;598;13
12;128;7
12;196;14
12;344;3
12;678;13
12;541;6
12;1081;5
12;1131;15
12;409;1
12;563;2
12;687;1
12;1110;15
12;640;13
12;623;7
12;847;0
12;934;8
12;293;12
12;265;4
12;718;13
12;839;5
12;501;14
12;891;13
12;772;0
12;1133;1
12;231;9
12;416;14
12;936;11
12;41;5
12;131;15
12;550;2
12;1152;14
12;714;14
12;244;13
12;453;13
12;1052;0
12;108;3
12;756;8
12;555;6
12;999;7
12;351;1
12;566;7
12;709;9
12;27;12
12;938;12
12;145;6
12;968;12
12;7;7
12;540;2
12;615;12
12;652;12
12;714;9
12;250;8
12;202;0
12;1090;7
12;1131;5
12;974;6
12;1029;12
12;784;1
12;338;1
12;511;2
12;586;14
12;1085;8
12;980;15
12;810;0
12;135;11
12;1027;9
12;375;11
12;742;15
12;259;2
12;1026;6
12;12;15
12;1045;7
12;1034;9
12;18;15
12;992;13
12;979;5
12;616;11
12;282;9
12;659;14
12;756;7
12;328;13
12;533;3
12;815;2
12;254;5
12;746;8
12;638;15
12;997;6
12;1033;2
12;229;10
12;265;1
12;386;10
12;107;3
12;126;9
12;821;5
12;625;9
12;1059;10
12;732;9
12;261;0
12;492;6
12;755;14
12;425;15
12;966;4
12;151;15
12;254;11
12;739;9
12;1088;4
12;626;1
12;856;3
12;1039;3
12;985;4
12;1022;3
12;1054;6
12;257;15
12;757;4
12;885;13
12;269;0
12;964;10
12;1005;6
12;440;9
12;52;8
12;256;13
12;612;6
12;971;1
12;62;12
12;954;10
12;718;10
12;767;5
12;466;9
12;812;8
12;127;7
12;409;3
12;47;5
12;346;1
12;551;11
12;331;5
12;492;8
12;635;6
12;539;11
12;596;5
12;488;14
12;735;0
12;996;14
12;125;3
12;391;15
12;483;6
12;618;5
12;229;10
12;440;15
12;272;15
12;1082;3
12;264;3
12;616;10
12;1151;1
12;780;14
12;1036;11
12;1083;8
12;219;11
12;327;14
12;381;1
12;383;0
12;475;15
12;651;14
12;179;3
12;669;14
12;640;9
12;910;2
12;278;1
12;504;6
12;824;14
12;458;12
12;1116;0
12;155;7
12;426;2
12;405;14
12;306;1
12;1053;0
12;454;5
12;1023;7
12;26;3
12;781;14
12;109;10
12;547;7
12;676;8
12;164;12
12;92;14
12;747;4
12;259;14
12;673;9
12;800;8
12;214;5
12;460;10
12;204;4
12;460;10
12;614;8
12;814;15
